[0;33m2025-08-26 23:00:06.890	W [0;33mStarting...
[0m[0;33m2025-08-26 23:00:06.890	W [0;33mInitializing source blockchain (BlockchainDB)
[0m[0;33m2025-08-26 23:00:06.890	W [0;33mLoading blockchain from folder /Users/mac/.arqma/lmdb ...
[0m[0;33m2025-08-26 23:00:07.058	W [0;33mSource blockchain storage initialized OK
[0m[0;36m2025-08-26 23:00:07.058	I [0;36mStarting from height 0, stopping at height 1773120
[0m
# DATA
Date		Blocks/day		Blocks		Txs/Day		Txs		Bytes/Day		Bytes
1970-01-01		1		1		0		0		114		114
2018-06-14		163		164		5		5		45412		45526
2018-06-15		427		591		876		881		4845982		4891508
2018-06-16		362		953		2061		2942		11231662		16123170
2018-06-17		355		1308		1846		4788		10166433		26289603
2018-06-18		363		1671		1610		6398		8861453		35151056
2018-06-19		336		2007		1098		7496		6113606		41264662
2018-06-20		362		2369		925		8421		4979039		46243701
2018-06-21		359		2728		843		9264		4488205		50731906
2018-06-22		359		3087		1131		10395		5994942		56726848
2018-06-23		360		3447		1102		11497		5698764		62425612
2018-06-24		351		3798		1066		12563		5461905		67887517
2018-06-25		310		4108		252		12815		1222546		69110063
2018-06-26		379		4487		532		13347		2901595		72011658
2018-06-27		365		4852		444		13791		2165398		74177056
2018-06-28		340		5192		829		14620		5519195		79696251
2018-06-29		361		5553		473		15093		1917466		81613717
2018-06-30		353		5906		372		15465		1841302		83455019
2018-07-01		359		6265		404		15869		1827608		85282627
2018-07-02		360		6625		435		16304		1952252		87234879
2018-07-03		360		6985		430		16734		1959772		89194651
2018-07-04		352		7337		1617		18351		21662473		110857124
2018-07-05		358		7695		1728		20079		23342629		134199753
2018-07-06		355		8050		1377		21456		18447233		152646986
2018-07-07		358		8408		1104		22560		14836107		167483093
2018-07-08		357		8765		1211		23771		16258141		183741234
2018-07-09		354		9119		1968		25739		24138587		207879821
2018-07-10		352		9471		1427		27166		16816278		224696099
2018-07-11		350		9821		1168		28334		12203861		236899960
2018-07-12		359		10180		1143		29477		8872323		245772283
2018-07-13		359		10539		1089		30566		7941251		253713534
2018-07-14		353		10892		1205		31771		8650608		262364142
2018-07-15		363		11255		1379		33150		16171082		278535224
2018-07-16		348		11603		829		33979		10420273		288955497
2018-07-17		355		11958		621		34600		7852396		296807893
2018-07-18		353		12311		836		35436		10468632		307276525
2018-07-19		358		12669		782		36218		9385608		316662133
2018-07-20		357		13026		690		36908		8616400		325278533
2018-07-21		359		13385		556		37464		6630608		331909141
2018-07-22		353		13738		468		37932		4078848		335987989
2018-07-23		359		14097		493		38425		4475648		340463637
2018-07-24		349		14446		531		38956		4776324		345239961
2018-07-25		355		14801		465		39421		4105432		349345393
2018-07-26		359		15160		313		39734		2201115		351546508
2018-07-27		351		15511		418		40152		3394988		354941496
2018-07-28		354		15865		323		40475		1928766		356870262
2018-07-29		355		16220		338		40813		2304331		359174593
2018-07-30		353		16573		442		41255		3955243		363129836
2018-07-31		353		16926		342		41597		2020224		365150060
2018-08-01		354		17280		318		41915		1742725		366892785
2018-08-02		354		17634		324		42239		1774860		368667645
2018-08-03		361		17995		320		42559		1625169		370292814
2018-08-04		354		18349		252		42811		1428857		371721671
2018-08-05		355		18704		287		43098		1636859		373358530
2018-08-06		354		19058		291		43389		1820357		375178887
2018-08-07		358		19416		271		43660		1470242		376649129
2018-08-08		356		19772		290		43950		1642868		378291997
2018-08-09		361		20133		263		44213		1355098		379647095
2018-08-10		359		20492		244		44457		1334214		380981309
2018-08-11		358		20850		262		44719		1537321		382518630
2018-08-12		357		21207		256		44975		1490681		384009311
2018-08-13		358		21565		245		45220		1400579		385409890
2018-08-14		361		21926		244		45464		1447767		386857657
2018-08-15		355		22281		256		45720		1380766		388238423
2018-08-16		359		22640		242		45962		1292814		389531237
2018-08-17		357		22997		242		46204		1385345		390916582
2018-08-18		354		23351		255		46459		1446060		392362642
2018-08-19		359		23710		284		46743		1252537		393615179
2018-08-20		358		24068		247		46990		1178161		394793340
2018-08-21		354		24422		259		47249		1438269		396231609
2018-08-22		360		24782		312		47561		1596623		397828232
2018-08-23		356		25138		296		47857		1399711		399227943
2018-08-24		356		25494		383		48240		1857187		401085130
2018-08-25		355		25849		249		48489		1116635		402201765
2018-08-26		356		26205		223		48712		1087394		403289159
2018-08-27		360		26565		270		48982		1319445		404608604
2018-08-28		357		26922		352		49334		1717330		406325934
2018-08-29		358		27280		282		49616		1269014		407594948
2018-08-30		355		27635		232		49848		1095889		408690837
2018-08-31		357		27992		230		50078		1130775		409821612
2018-09-01		354		28346		245		50323		1138017		410959629
2018-09-02		358		28704		309		50632		1362688		412322317
2018-09-03		356		29060		305		50937		1349841		413672158
2018-09-04		354		29414		260		51197		1165235		414837393
2018-09-05		356		29770		296		51493		1391109		416228502
2018-09-06		362		30132		395		51888		2572652		418801154
2018-09-07		352		30484		291		52179		1249186		420050340
2018-09-08		365		30849		287		52466		1420983		421471323
2018-09-09		356		31205		297		52763		1666860		423138183
2018-09-10		358		31563		269		53032		1319716		424457899
2018-09-11		359		31922		264		53296		1296316		425754215
2018-09-12		360		32282		304		53600		1587102		427341317
2018-09-13		351		32633		292		53892		1403309		428744626
2018-09-14		354		32987		304		54196		1325359		430069985
2018-09-15		360		33347		257		54453		1246029		431316014
2018-09-16		358		33705		282		54735		1285534		432601548
2018-09-17		356		34061		263		54998		1515303		434116851
2018-09-18		355		34416		275		55273		1368411		435485262
2018-09-19		355		34771		397		55670		1731670		437216932
2018-09-20		358		35129		506		56176		3554191		440771123
2018-09-21		359		35488		1329		57505		14198575		454969698
2018-09-22		360		35848		515		58020		3335549		458305247
2018-09-23		360		36208		755		58775		6664842		464970089
2018-09-24		360		36568		474		59249		1960685		466930774
2018-09-25		354		36922		566		59815		3883619		470814393
2018-09-26		353		37275		481		60296		2378486		473192879
2018-09-27		355		37630		448		60744		2122056		475314935
2018-09-28		360		37990		367		61111		1663404		476978339
2018-09-29		355		38345		335		61446		1596983		478575322
2018-09-30		358		38703		305		61751		1695494		480270816
2018-10-01		352		39055		328		62079		1673850		481944666
2018-10-02		359		39414		330		62409		1805887		483750553
2018-10-03		356		39770		363		62772		2076410		485826963
2018-10-04		357		40127		338		63110		2092972		487919935
2018-10-05		351		40478		294		63404		1742145		489662080
2018-10-06		358		40836		320		63724		1674776		491336856
2018-10-07		352		41188		262		63986		1588389		492925245
2018-10-08		352		41540		307		64293		1786659		494711904
2018-10-09		338		41878		280		64573		2018624		496730528
2018-10-10		327		42205		221		64794		1366666		498097194
2018-10-11		332		42537		294		65088		1548683		499645877
2018-10-12		351		42888		260		65348		1653120		501298997
2018-10-13		346		43234		299		65647		1694078		502993075
2018-10-14		335		43569		322		65969		1681522		504674597
2018-10-15		359		43928		309		66278		1703363		506377960
2018-10-16		342		44270		308		66586		1887436		508265396
2018-10-17		341		44611		714		67300		7491980		515757376
2018-10-18		350		44961		387		67687		2613870		518371246
2018-10-19		347		45308		265		67952		1594136		519965382
2018-10-20		347		45655		285		68237		1636097		521601479
2018-10-21		355		46010		361		68598		1708364		523309843
2018-10-22		361		46371		381		68979		2017216		525327059
2018-10-23		362		46733		356		69335		1865591		527192650
2018-10-24		355		47088		341		69676		1811080		529003730
2018-10-25		359		47447		430		70106		1952267		530955997
2018-10-26		347		47794		388		70494		2002567		532958564
2018-10-27		350		48144		347		70841		1714220		534672784
2018-10-28		349		48493		351		71192		1760884		536433668
2018-10-29		352		48845		334		71526		2029567		538463235
2018-10-30		357		49202		345		71871		1887871		540351106
2018-10-31		352		49554		302		72173		1634176		541985282
2018-11-01		359		49913		297		72470		1539895		543525177
2018-11-02		358		50271		317		72787		1689491		545214668
2018-11-03		355		50626		284		73071		1686390		546901058
2018-11-04		358		50984		295		73366		1626800		548527858
2018-11-05		338		51322		289		73655		1631642		550159500
2018-11-06		348		51670		1368		75023		14794487		564953987
2018-11-07		357		52027		412		75435		1957030		566911017
2018-11-08		356		52383		322		75757		1714553		568625570
2018-11-09		350		52733		259		76016		1491048		570116618
2018-11-10		356		53089		297		76313		1750858		571867476
2018-11-11		357		53446		262		76575		1448947		573316423
2018-11-12		359		53805		293		76868		1615328		574931751
2018-11-13		352		54157		286		77154		1512888		576444639
2018-11-14		354		54511		238		77392		1522419		577967058
2018-11-15		345		54856		286		77678		1791872		579758930
2018-11-16		357		55213		298		77976		1648684		581407614
2018-11-17		357		55570		325		78301		1899298		583306912
2018-11-18		344		55914		250		78551		1519396		584826308
2018-11-19		341		56255		235		78786		1476532		586302840
2018-11-20		340		56595		293		79079		2312804		588615644
2018-11-21		352		56947		275		79354		1595986		590211630
2018-11-22		356		57303		300		79654		1661111		591872741
2018-11-23		349		57652		245		79899		1565936		593438677
2018-11-24		357		58009		279		80178		1531965		594970642
2018-11-25		352		58361		255		80433		1672747		596643389
2018-11-26		353		58714		243		80676		1646574		598289963
2018-11-27		357		59071		237		80913		1323031		599612994
2018-11-28		351		59422		242		81155		1558915		601171909
2018-11-29		353		59775		266		81421		1526933		602698842
2018-11-30		359		60134		328		81749		2211618		604910460
2018-12-01		360		60494		308		82057		1700369		606610829
2018-12-02		359		60853		293		82350		1630689		608241518
2018-12-03		337		61190		410		82760		2427539		610669057
2018-12-04		619		61809		380		83140		1833817		612502874
2018-12-05		740		62549		509		83649		2315861		614818735
2018-12-06		713		63262		670		84319		2796982		617615717
2018-12-07		703		63965		547		84866		2382195		619997912
2018-12-08		738		64703		462		85328		2133355		622131267
2018-12-09		713		65416		380		85708		1893799		624025066
2018-12-10		670		66086		525		86233		2407284		626432350
2018-12-11		714		66800		889		87122		3612188		630044538
2018-12-12		694		67494		893		88015		3500019		633544557
2018-12-13		754		68248		856		88871		3865615		637410172
2018-12-14		666		68914		513		89384		2276674		639686846
2018-12-15		709		69623		762		90146		2974708		642661554
2018-12-16		717		70340		718		90864		3057856		645719410
2018-12-17		746		71086		755		91619		2974325		648693735
2018-12-18		710		71796		457		92076		1976712		650670447
2018-12-19		710		72506		466		92542		2016986		652687433
2018-12-20		691		73197		453		92995		1875211		654562644
2018-12-21		733		73930		403		93398		1819573		656382217
2018-12-22		717		74647		505		93903		2123535		658505752
2018-12-23		704		75351		350		94253		1700084		660205836
2018-12-24		727		76078		391		94644		2004933		662210769
2018-12-25		711		76789		358		95002		1574348		663785117
2018-12-26		720		77509		336		95338		1620064		665405181
2018-12-27		709		78218		396		95734		1874937		667280118
2018-12-28		652		78870		427		96161		1883724		669163842
2018-12-29		690		79560		792		96953		3092658		672256500
2018-12-30		713		80273		957		97910		3971796		676228296
2018-12-31		714		80987		807		98717		3177637		679405933
2019-01-01		707		81694		954		99671		3394276		682800209
2019-01-02		738		82432		1247		100918		4198450		686998659
2019-01-03		704		83136		987		101905		3424136		690422795
2019-01-04		718		83854		1048		102953		4463546		694886341
2019-01-05		713		84567		833		103786		3049569		697935910
2019-01-06		720		85287		921		104707		3592885		701528795
2019-01-07		695		85982		813		105520		3114396		704643191
2019-01-08		702		86684		923		106443		3174680		707817871
2019-01-09		696		87380		1043		107486		3637431		711455302
2019-01-10		716		88096		1080		108566		4471098		715926400
2019-01-11		717		88813		1410		109976		5518868		721445268
2019-01-12		709		89522		1160		111136		3573248		725018516
2019-01-13		745		90267		897		112033		3058575		728077091
2019-01-14		704		90971		1093		113126		3702950		731780041
2019-01-15		704		91675		993		114119		3449225		735229266
2019-01-16		717		92392		1169		115288		3786785		739016051
2019-01-17		707		93099		1152		116440		3614473		742630524
2019-01-18		716		93815		1131		117571		3489023		746119547
2019-01-19		739		94554		1325		118896		4633961		750753508
2019-01-20		714		95268		1262		120158		5002128		755755636
2019-01-21		708		95976		1085		121243		3551636		759307272
2019-01-22		723		96699		1160		122403		3907780		763215052
2019-01-23		706		97405		1183		123586		3655797		766870849
2019-01-24		669		98074		1325		124911		5749673		772620522
2019-01-25		714		98788		1347		126258		4416303		777036825
2019-01-26		707		99495		1284		127542		3949453		780986278
2019-01-27		726		100221		1181		128723		3758818		784745096
2019-01-28		721		100942		1285		130008		4498022		789243118
2019-01-29		724		101666		1005		131013		3333914		792577032
2019-01-30		716		102382		1213		132226		3699358		796276390
2019-01-31		753		103135		1437		133663		4888352		801164742
2019-02-01		657		103792		1224		134887		3641053		804805795
2019-02-02		741		104533		1105		135992		4227625		809033420
2019-02-03		712		105245		842		136834		2864850		811898270
2019-02-04		710		105955		856		137690		2862456		814760726
2019-02-05		709		106664		914		138604		2942086		817702812
2019-02-06		729		107393		871		139475		3090363		820793175
2019-02-07		700		108093		822		140297		3260699		824053874
2019-02-08		719		108812		852		141149		2934843		826988717
2019-02-09		715		109527		893		142042		3125910		830114627
2019-02-10		712		110239		955		142997		3145907		833260534
2019-02-11		710		110949		1051		144048		3517500		836778034
2019-02-12		730		111679		1044		145092		3458832		840236866
2019-02-13		713		112392		1018		146110		3211164		843448030
2019-02-14		692		113084		1007		147117		3530536		846978566
2019-02-15		720		113804		1072		148189		3969771		850948337
2019-02-16		730		114534		1016		149205		4131963		855080300
2019-02-17		708		115242		957		150162		3040411		858120711
2019-02-18		720		115962		960		151122		3333343		861454054
2019-02-19		723		116685		1006		152128		3292962		864747016
2019-02-20		718		117403		1026		153154		3361031		868108047
2019-02-21		692		118095		826		153980		2791379		870899426
2019-02-22		747		118842		743		154723		2927022		873826448
2019-02-23		709		119551		608		155331		2189045		876015493
2019-02-24		706		120257		594		155925		2335137		878350630
2019-02-25		695		120952		799		156724		3014603		881365233
2019-02-26		708		121660		969		157693		5012004		886377237
2019-02-27		726		122386		939		158632		3284948		889662185
2019-02-28		724		123110		871		159503		2978292		892640477
2019-03-01		727		123837		858		160361		2951298		895591775
2019-03-02		722		124559		1106		161467		5476681		901068456
2019-03-03		734		125293		755		162222		2742235		903810691
2019-03-04		692		125985		620		162842		2428127		906238818
2019-03-05		716		126701		696		163538		2591972		908830790
2019-03-06		729		127430		697		164235		2817247		911648037
2019-03-07		696		128126		757		164992		3048438		914696475
2019-03-08		706		128832		780		165772		4437161		919133636
2019-03-09		714		129546		626		166398		2598340		921731976
2019-03-10		713		130259		600		166998		2165583		923897559
2019-03-11		704		130963		551		167549		2245491		926143050
2019-03-12		713		131676		594		168143		2213232		928356282
2019-03-13		700		132376		643		168786		2241864		930598146
2019-03-14		717		133093		542		169328		2252403		932850549
2019-03-15		727		133820		540		169868		2252126		935102675
2019-03-16		709		134529		533		170401		2146368		937249043
2019-03-17		707		135236		497		170898		2218767		939467810
2019-03-18		720		135956		435		171333		1876866		941344676
2019-03-19		718		136674		469		171802		2380954		943725630
2019-03-20		725		137399		451		172253		1847545		945573175
2019-03-21		683		138082		353		172606		1837347		947410522
2019-03-22		713		138795		356		172962		1785743		949196265
2019-03-23		715		139510		387		173349		1785253		950981518
2019-03-24		701		140211		509		173858		2188396		953169914
2019-03-25		702		140913		498		174356		2124528		955294442
2019-03-26		736		141649		672		175028		2580145		957874587
2019-03-27		671		142320		693		175721		2720187		960594774
2019-03-28		709		143029		674		176395		2561329		963156103
2019-03-29		727		143756		700		177095		2898196		966054299
2019-03-30		677		144433		613		177708		2432667		968486966
2019-03-31		739		145172		896		178604		3217544		971704510
2019-04-01		719		145891		951		179555		3648468		975352978
2019-04-02		721		146612		1106		180661		4983951		980336929
2019-04-03		704		147316		845		181506		2918735		983255664
2019-04-04		695		148011		692		182198		2578145		985833809
2019-04-05		713		148724		718		182916		2616859		988450668
2019-04-06		705		149429		704		183620		2585602		991036270
2019-04-07		677		150106		702		184322		2527914		993564184
2019-04-08		739		150845		1082		185404		3697349		997261533
2019-04-09		717		151562		987		186391		3286684		1000548217
2019-04-10		706		152268		764		187155		3122811		1003671028
2019-04-11		672		152940		671		187826		2812997		1006484025
2019-04-12		722		153662		914		188740		3621593		1010105618
2019-04-13		718		154380		722		189462		2970688		1013076306
2019-04-14		715		155095		1099		190561		3723257		1016799563
2019-04-15		712		155807		1150		191711		4021360		1020820923
2019-04-16		697		156504		1063		192774		3529424		1024350347
2019-04-17		695		157199		966		193740		3789804		1028140151
2019-04-18		750		157949		1121		194861		3872057		1032012208
2019-04-19		718		158667		976		195837		4095854		1036108062
2019-04-20		741		159408		1141		196978		5249332		1041357394
2019-04-21		721		160129		808		197786		2802861		1044160255
2019-04-22		692		160821		848		198634		2740048		1046900303
2019-04-23		715		161536		1007		199641		4163994		1051064297
2019-04-24		749		162285		1262		200903		5419262		1056483559
2019-04-25		731		163016		1505		202408		8406989		1064890548
2019-04-26		735		163751		789		203197		2886681		1067777229
2019-04-27		699		164450		781		203978		2458593		1070235822
2019-04-28		715		165165		757		204735		2714258		1072950080
2019-04-29		701		165866		680		205415		2371694		1075321774
2019-04-30		721		166587		544		205959		1922953		1077244727
2019-05-01		701		167288		680		206639		2321870		1079566597
2019-05-02		727		168015		1023		207662		3321796		1082888393
2019-05-03		729		168744		1021		208683		3759910		1086648303
2019-05-04		707		169451		887		209570		3082306		1089730609
2019-05-05		724		170175		932		210502		2979536		1092710145
2019-05-06		718		170893		845		211347		2646526		1095356671
2019-05-07		728		171621		864		212211		2778216		1098134887
2019-05-08		703		172324		864		213075		2949710		1101084597
2019-05-09		675		172999		824		213899		2573471		1103658068
2019-05-10		725		173724		842		214741		2915005		1106573073
2019-05-11		719		174443		694		215435		2464511		1109037584
2019-05-12		706		175149		743		216178		2398404		1111435988
2019-05-13		719		175868		800		216978		3212458		1114648446
2019-05-14		705		176573		767		217745		2612672		1117261118
2019-05-15		729		177302		980		218725		4589928		1121851046
2019-05-16		714		178016		1394		220119		9837552		1131688598
2019-05-17		706		178722		722		220841		2468030		1134156628
2019-05-18		727		179449		798		221639		2850779		1137007407
2019-05-19		724		180173		913		222552		4619018		1141626425
2019-05-20		709		180882		807		223359		2798518		1144424943
2019-05-21		718		181600		917		224276		2987012		1147411955
2019-05-22		721		182321		785		225061		2562341		1149974296
2019-05-23		733		183054		775		225836		2819370		1152793666
2019-05-24		707		183761		719		226555		2593715		1155387381
2019-05-25		774		184535		1445		228000		4379728		1159767109
2019-05-26		731		185266		1187		229187		3895856		1163662965
2019-05-27		684		185950		1112		230299		3624228		1167287193
2019-05-28		676		186626		915		231214		3004845		1170292038
2019-05-29		682		187308		855		232069		2712506		1173004544
2019-05-30		737		188045		1274		233343		4035162		1177039706
2019-05-31		677		188722		1191		234534		3559906		1180599612
2019-06-01		702		189424		1237		235771		3709015		1184308627
2019-06-02		703		190127		1260		237031		3872200		1188180827
2019-06-03		733		190860		1198		238229		3730205		1191911032
2019-06-04		726		191586		1242		239471		3873594		1195784626
2019-06-05		695		192281		1359		240830		3939542		1199724168
2019-06-06		710		192991		1368		242198		3988654		1203712822
2019-06-07		713		193704		1314		243512		3775029		1207487851
2019-06-08		732		194436		1186		244698		3574566		1211062417
2019-06-09		722		195158		1173		245871		3909174		1214971591
2019-06-10		716		195874		1179		247050		3606835		1218578426
2019-06-11		726		196600		1234		248284		3917090		1222495516
2019-06-12		701		197301		1284		249568		3869532		1226365048
2019-06-13		723		198024		1454		251022		4555750		1230920798
2019-06-14		715		198739		1551		252573		4871939		1235792737
2019-06-15		729		199468		1554		254127		4737454		1240530191
2019-06-16		714		200182		1358		255485		3889103		1244419294
2019-06-17		708		200890		1463		256948		4381461		1248800755
2019-06-18		714		201604		1242		258190		3738261		1252539016
2019-06-19		687		202291		1356		259546		4051686		1256590702
2019-06-20		705		202996		1616		261162		5289566		1261880268
2019-06-21		686		203682		1514		262676		4303953		1266184221
2019-06-22		722		204404		1627		264303		4583756		1270767977
2019-06-23		708		205112		1599		265902		4532301		1275300278
2019-06-24		721		205833		1604		267506		4511125		1279811403
2019-06-25		705		206538		1549		269055		4516949		1284328352
2019-06-26		739		207277		1524		270579		4590892		1288919244
2019-06-27		716		207993		1499		272078		4606602		1293525846
2019-06-28		704		208697		1402		273480		4083108		1297608954
2019-06-29		710		209407		1562		275042		4494136		1302103090
2019-06-30		727		210134		1564		276606		4655106		1306758196
2019-07-01		719		210853		1678		278284		4909431		1311667627
2019-07-02		706		211559		1536		279820		4715553		1316383180
2019-07-03		733		212292		1637		281457		4688342		1321071522
2019-07-04		724		213016		1568		283025		4745886		1325817408
2019-07-05		721		213737		1561		284586		4453120		1330270528
2019-07-06		733		214470		1457		286043		4328040		1334598568
2019-07-07		726		215196		1608		287651		5086913		1339685481
2019-07-08		731		215927		1526		289177		4526347		1344211828
2019-07-09		707		216634		1436		290613		4230622		1348442450
2019-07-10		718		217352		1412		292025		4053201		1352495651
2019-07-11		709		218061		1485		293510		4240774		1356736425
2019-07-12		701		218762		1504		295014		4355125		1361091550
2019-07-13		725		219487		1737		296751		7023423		1368114973
2019-07-14		713		220200		1527		298278		4456260		1372571233
2019-07-15		752		220952		1622		299900		4820020		1377391253
2019-07-16		707		221659		1537		301437		6514426		1383905679
2019-07-17		690		222349		1297		302734		4088515		1387994194
2019-07-18		709		223058		1352		304086		3845210		1391839404
2019-07-19		709		223767		1251		305337		3580866		1395420270
2019-07-20		723		224490		1552		306889		5885538		1401305808
2019-07-21		710		225200		1512		308401		5327579		1406633387
2019-07-22		739		225939		1599		310000		4651393		1411284780
2019-07-23		710		226649		1604		311604		4606809		1415891589
2019-07-24		781		227430		889		312493		2585548		1418477137
2019-07-25		717		228147		651		313144		2332487		1420809624
2019-07-26		722		228869		655		313799		2349062		1423158686
2019-07-27		711		229580		607		314406		1738585		1424897271
2019-07-28		731		230311		693		315099		3277871		1428175142
2019-07-29		680		230991		490		315589		1485981		1429661123
2019-07-30		725		231716		538		316127		1826015		1431487138
2019-07-31		729		232445		904		317031		6182953		1437670091
2019-08-01		739		233184		496		317527		2594425		1440264516
2019-08-02		717		233901		397		317924		1672290		1441936806
2019-08-03		729		234630		421		318345		1644561		1443581367
2019-08-04		712		235342		381		318726		2041088		1445622455
2019-08-05		728		236070		533		319259		4026475		1449648930
2019-08-06		715		236785		540		319799		4126819		1453775749
2019-08-07		705		237490		384		320183		3012483		1456788232
2019-08-08		716		238206		220		320403		819073		1457607305
2019-08-09		717		238923		182		320585		698245		1458305550
2019-08-10		693		239616		302		320887		1446337		1459751887
2019-08-11		714		240330		375		321262		2595294		1462347181
2019-08-12		720		241050		232		321494		1005822		1463353003
2019-08-13		732		241782		211		321705		980561		1464333564
2019-08-14		712		242494		257		321962		1000714		1465334278
2019-08-15		717		243211		262		322224		1158671		1466492949
2019-08-16		726		243937		302		322526		1423322		1467916271
2019-08-17		726		244663		217		322743		1016900		1468933171
2019-08-18		731		245394		220		322963		973103		1469906274
2019-08-19		701		246095		261		323224		1356306		1471262580
2019-08-20		718		246813		217		323441		973357		1472235937
2019-08-21		719		247532		244		323685		1119313		1473355250
2019-08-22		701		248233		287		323972		1177373		1474532623
2019-08-23		723		248956		482		324454		1764129		1476296752
2019-08-24		739		249695		307		324761		1055715		1477352467
2019-08-25		712		250407		329		325090		1574833		1478927300
2019-08-26		729		251136		256		325346		1039844		1479967144
2019-08-27		723		251859		263		325609		1136223		1481103367
2019-08-28		723		252582		267		325876		1191435		1482294802
2019-08-29		663		253245		235		326111		1028684		1483323486
2019-08-30		264		253509		672		326783		1698192		1485021678
2019-08-31		727		254236		1763		328546		4316830		1489338508
2019-09-01		730		254966		1427		329973		3467232		1492805740
2019-09-02		701		255667		1371		331344		3802851		1496608591
2019-09-03		713		256380		1496		332840		10459551		1507068142
2019-09-04		708		257088		1368		334208		3671848		1510739990
2019-09-05		723		257811		1504		335712		3679975		1514419965
2019-09-06		720		258531		1446		337158		3803753		1518223718
2019-09-07		723		259254		1516		338674		5790652		1524014370
2019-09-08		706		259960		1617		340291		3935343		1527949713
2019-09-09		715		260675		1592		341883		3674911		1531624624
2019-09-10		719		261394		1527		343410		3795244		1535419868
2019-09-11		714		262108		1656		345066		4227420		1539647288
2019-09-12		723		262831		1630		346696		6942429		1546589717
2019-09-13		692		263523		1504		348200		4170952		1550760669
2019-09-14		706		264229		1624		349824		4468797		1555229466
2019-09-15		740		264969		1584		351408		3897008		1559126474
2019-09-16		710		265679		1281		352689		4942133		1564068607
2019-09-17		716		266395		1094		353783		2847324		1566915931
2019-09-18		720		267115		1223		355006		3626892		1570542823
2019-09-19		700		267815		1178		356184		3365722		1573908545
2019-09-20		718		268533		1203		357387		3693606		1577602151
2019-09-21		719		269252		1166		358553		2907817		1580509968
2019-09-22		716		269968		1172		359725		3013471		1583523439
2019-09-23		729		270697		1115		360840		3172617		1586696056
2019-09-24		721		271418		1145		361985		3094295		1589790351
2019-09-25		718		272136		1163		363148		3078101		1592868452
2019-09-26		689		272825		1402		364550		7918163		1600786615
2019-09-27		725		273550		1548		366098		4427920		1605214535
2019-09-28		710		274260		1495		367593		3749089		1608963624
2019-09-29		731		274991		1472		369065		6124424		1615088048
2019-09-30		721		275712		1362		370427		3719847		1618807895
2019-10-01		725		276437		1370		371797		3947246		1622755141
2019-10-02		696		277133		1318		373115		3279898		1626035039
2019-10-03		709		277842		1306		374421		3245709		1629280748
2019-10-04		713		278555		1243		375664		3143260		1632424008
2019-10-05		718		279273		1373		377037		3390019		1635814027
2019-10-06		714		279987		1301		378338		3887145		1639701172
2019-10-07		724		280711		1321		379659		3345606		1643046778
2019-10-08		704		281415		1142		380801		2884098		1645930876
2019-10-09		717		282132		1083		381884		2904246		1648835122
2019-10-10		700		282832		1077		382961		2844922		1651680044
2019-10-11		725		283557		1106		384067		2860667		1654540711
2019-10-12		700		284257		1098		385165		2887944		1657428655
2019-10-13		698		284955		1022		386187		2667047		1660095702
2019-10-14		699		285654		1057		387244		3583187		1663678889
2019-10-15		721		286375		1124		388368		3673339		1667352228
2019-10-16		708		287083		1355		389723		7533299		1674885527
2019-10-17		711		287794		1254		390977		3158287		1678043814
2019-10-18		726		288520		1220		392197		3101915		1681145729
2019-10-19		694		289214		1243		393440		3004210		1684149939
2019-10-20		725		289939		1345		394785		3930333		1688080272
2019-10-21		704		290643		1217		396002		3227364		1691307636
2019-10-22		708		291351		1136		397138		2956313		1694263949
2019-10-23		686		292037		1099		398237		2895535		1697159484
2019-10-24		721		292758		1124		399361		2880143		1700039627
2019-10-25		698		293456		1049		400410		2586220		1702625847
2019-10-26		724		294180		1009		401419		3065217		1705691064
2019-10-27		703		294883		1024		402443		3575434		1709266498
2019-10-28		720		295603		1019		403462		2714169		1711980667
2019-10-29		714		296317		1069		404531		2704316		1714684983
2019-10-30		729		297046		1043		405574		2914787		1717599770
2019-10-31		708		297754		1050		406624		3561076		1721160846
2019-11-01		713		298467		989		407613		3725950		1724886796
2019-11-02		712		299179		911		408524		2663634		1727550430
2019-11-03		714		299893		1042		409566		3802377		1731352807
2019-11-04		714		300607		1186		410752		3439210		1734792017
2019-11-05		704		301311		1279		412031		3747951		1738539968
2019-11-06		697		302008		1241		413272		3245389		1741785357
2019-11-07		702		302710		1306		414578		3655130		1745440487
2019-11-08		733		303443		1377		415955		3576115		1749016602
2019-11-09		732		304175		1200		417155		3812210		1752828812
2019-11-10		715		304890		1080		418235		4298204		1757127016
2019-11-11		704		305594		942		419177		2636052		1759763068
2019-11-12		712		306306		1235		420412		3482173		1763245241
2019-11-13		724		307030		1360		421772		3854087		1767099328
2019-11-14		698		307728		1332		423104		3400980		1770500308
2019-11-15		730		308458		1416		424520		3577795		1774078103
2019-11-16		727		309185		1470		425990		3596755		1777674858
2019-11-17		720		309905		1430		427420		3512166		1781187024
2019-11-18		733		310638		1008		428428		2752777		1783939801
2019-11-19		709		311347		885		429313		2475078		1786414879
2019-11-20		708		312055		929		430242		3123528		1789538407
2019-11-21		715		312770		1165		431407		6517993		1796056400
2019-11-22		716		313486		970		432377		2720565		1798776965
2019-11-23		698		314184		1192		433569		3040611		1801817576
2019-11-24		737		314921		1301		434870		3867281		1805684857
2019-11-25		714		315635		1331		436201		3306026		1808990883
2019-11-26		709		316344		1375		437576		3512837		1812503720
2019-11-27		723		317067		1379		438955		3484761		1815988481
2019-11-28		714		317781		1467		440422		3948128		1819936609
2019-11-29		707		318488		1550		441972		4103712		1824040321
2019-11-30		666		319154		1330		443302		3369530		1827409851
2019-12-01		736		319890		1455		444757		3606595		1831016446
2019-12-02		731		320621		1326		446083		3408034		1834424480
2019-12-03		708		321329		1394		447477		5876443		1840300923
2019-12-04		732		322061		1337		448814		3402435		1843703358
2019-12-05		717		322778		1296		450110		3161671		1846865029
2019-12-06		705		323483		1260		451370		3079139		1849944168
2019-12-07		715		324198		1326		452696		3597316		1853541484
2019-12-08		713		324911		1400		454096		7508626		1861050110
2019-12-09		716		325627		1294		455390		3216074		1864266184
2019-12-10		716		326343		1232		456622		3051772		1867317956
2019-12-11		725		327068		1202		457824		3650793		1870968749
2019-12-12		700		327768		1213		459037		2983470		1873952219
2019-12-13		730		328498		1248		460285		3094249		1877046468
2019-12-14		715		329213		1211		461496		2990423		1880036891
2019-12-15		726		329939		1232		462728		3025289		1883062180
2019-12-16		722		330661		1198		463926		3112556		1886174736
2019-12-17		719		331380		1045		464971		2869006		1889043742
2019-12-18		732		332112		1031		466002		2708058		1891751800
2019-12-19		708		332820		938		466940		2392046		1894143846
2019-12-20		716		333536		1039		467979		2728775		1896872621
2019-12-21		718		334254		1083		469062		3014548		1899887169
2019-12-22		729		334983		1059		470121		3608946		1903496115
2019-12-23		705		335688		1053		471174		3067348		1906563463
2019-12-24		717		336405		951		472125		2488873		1909052336
2019-12-25		710		337115		929		473054		2447654		1911499990
2019-12-26		708		337823		1003		474057		2584619		1914084609
2019-12-27		719		338542		959		475016		2615378		1916699987
2019-12-28		707		339249		980		475996		2529453		1919229440
2019-12-29		721		339970		913		476909		2517662		1921747102
2019-12-30		700		340670		1018		477927		3623603		1925370705
2019-12-31		725		341395		920		478847		2466485		1927837190
2020-01-01		713		342108		876		479723		2642187		1930479377
2020-01-02		730		342838		937		480660		2498229		1932977606
2020-01-03		712		343550		806		481466		2241029		1935218635
2020-01-04		716		344266		920		482386		3568407		1938787042
2020-01-05		730		344996		783		483169		2191130		1940978172
2020-01-06		719		345715		1034		484203		9250282		1950228454
2020-01-07		709		346424		673		484876		1948375		1952176829
2020-01-08		722		347146		662		485538		2343230		1954520059
2020-01-09		687		347833		615		486153		1868386		1956388445
2020-01-10		728		348561		709		486862		2065360		1958453805
2020-01-11		717		349278		666		487528		2009214		1960463019
2020-01-12		717		349995		628		488156		1913530		1962376549
2020-01-13		718		350713		684		488840		2060482		1964437031
2020-01-14		720		351433		781		489621		2641148		1967078179
2020-01-15		700		352133		786		490407		2261528		1969339707
2020-01-16		704		352837		768		491175		2222823		1971562530
2020-01-17		739		353576		715		491890		2438187		1974000717
2020-01-18		708		354284		782		492672		2338540		1976339257
2020-01-19		719		355003		741		493413		2204361		1978543618
2020-01-20		716		355719		740		494153		2160980		1980704598
2020-01-21		727		356446		698		494851		2110416		1982815014
2020-01-22		711		357157		712		495563		2079719		1984894733
2020-01-23		708		357865		673		496236		1939136		1986833869
2020-01-24		724		358589		706		496942		2270919		1989104788
2020-01-25		719		359308		830		497772		2327354		1991432142
2020-01-26		709		360017		782		498554		2279866		1993712008
2020-01-27		724		360741		817		499371		2487566		1996199574
2020-01-28		718		361459		914		500285		2508323		1998707897
2020-01-29		705		362164		797		501082		2294907		2001002804
2020-01-30		724		362888		878		501960		2436078		2003438882
2020-01-31		724		363612		912		502872		2820545		2006259427
2020-02-01		715		364327		841		503713		2485476		2008744903
2020-02-02		717		365044		862		504575		2615884		2011360787
2020-02-03		724		365768		822		505397		2317723		2013678510
2020-02-04		703		366471		760		506157		2167509		2015846019
2020-02-05		730		367201		858		507015		2361943		2018207962
2020-02-06		703		367904		869		507884		2593098		2020801060
2020-02-07		713		368617		822		508706		2284897		2023085957
2020-02-08		722		369339		857		509563		2365380		2025451337
2020-02-09		705		370044		896		510459		2466394		2027917731
2020-02-10		714		370758		918		511377		2442214		2030359945
2020-02-11		707		371465		1043		512420		6706757		2037066702
2020-02-12		721		372186		858		513278		2338409		2039405111
2020-02-13		712		372898		798		514076		2228501		2041633612
2020-02-14		718		373616		948		515024		2566204		2044199816
2020-02-15		726		374342		902		515926		2447258		2046647074
2020-02-16		716		375058		881		516807		2369261		2049016335
2020-02-17		727		375785		813		517620		2404924		2051421259
2020-02-18		721		376506		838		518458		2358572		2053779831
2020-02-19		717		377223		818		519276		2289012		2056068843
2020-02-20		722		377945		770		520046		2252671		2058321514
2020-02-21		715		378660		756		520802		2335674		2060657188
2020-02-22		712		379372		803		521605		2202907		2062860095
2020-02-23		718		380090		894		522499		2363250		2065223345
2020-02-24		726		380816		846		523345		2583544		2067806889
2020-02-25		710		381526		846		524191		2404891		2070211780
2020-02-26		708		382234		812		525003		2306043		2072517823
2020-02-27		715		382949		812		525815		2481461		2074999284
2020-02-28		720		383669		710		526525		2103466		2077102750
2020-02-29		725		384394		894		527419		2488960		2079591710
2020-03-01		725		385119		813		528232		2205513		2081797223
2020-03-02		708		385827		835		529067		2242611		2084039834
2020-03-03		714		386541		1004		530071		2855088		2086894922
2020-03-04		723		387264		1055		531126		2777634		2089672556
2020-03-05		710		387974		917		532043		2446208		2092118764
2020-03-06		724		388698		952		532995		3540371		2095659135
2020-03-07		710		389408		981		533976		2515767		2098174902
2020-03-08		711		390119		968		534944		2600679		2100775581
2020-03-09		729		390848		1028		535972		2775539		2103551120
2020-03-10		705		391553		1123		537095		2852423		2106403543
2020-03-11		734		392287		899		537994		2470807		2108874350
2020-03-12		707		392994		918		538912		2455357		2111329707
2020-03-13		688		393682		953		539865		2508804		2113838511
2020-03-14		705		394387		1122		540987		2963332		2116801843
2020-03-15		701		395088		994		541981		2618299		2119420142
2020-03-16		727		395815		1100		543081		3785189		2123205331
2020-03-17		699		396514		1107		544188		2972808		2126178139
2020-03-18		720		397234		1157		545345		4228386		2130406525
2020-03-19		730		397964		1156		546501		3113948		2133520473
2020-03-20		709		398673		1217		547718		3076595		2136597068
2020-03-21		738		399411		1273		548991		3100312		2139697380
2020-03-22		694		400105		1165		550156		2847367		2142544747
2020-03-23		732		400837		1289		551445		5152990		2147697737
2020-03-24		705		401542		1198		552643		3020999		2150718736
2020-03-25		725		402267		1147		553790		3906588		2154625324
2020-03-26		726		402993		1337		555127		3370688		2157996012
2020-03-27		728		403721		1222		556349		3185599		2161181611
2020-03-28		719		404440		1184		557533		3056247		2164237858
2020-03-29		723		405163		1181		558714		3361685		2167599543
2020-03-30		712		405875		1174		559888		3094900		2170694443
2020-03-31		705		406580		1281		561169		3650012		2174344455
2020-04-01		714		407294		1332		562501		3270791		2177615246
2020-04-02		725		408019		1259		563760		3238051		2180853297
2020-04-03		719		408738		1243		565003		6335060		2187188357
2020-04-04		730		409468		1153		566156		4261905		2191450262
2020-04-05		728		410196		1257		567413		3227232		2194677494
2020-04-06		708		410904		1256		568669		3240517		2197918011
2020-04-07		707		411611		1342		570011		3369000		2201287011
2020-04-08		726		412337		1201		571212		3276815		2204563826
2020-04-09		719		413056		1040		572252		3036199		2207600025
2020-04-10		715		413771		942		573194		2761787		2210361812
2020-04-11		707		414478		888		574082		2533961		2212895773
2020-04-12		718		415196		985		575067		2708800		2215604573
2020-04-13		717		415913		955		576022		2907628		2218512201
2020-04-14		717		416630		1012		577034		2736835		2221249036
2020-04-15		718		417348		1071		578105		3359289		2224608325
2020-04-16		721		418069		1010		579115		2777324		2227385649
2020-04-17		713		418782		892		580007		2541935		2229927584
2020-04-18		718		419500		1043		581050		2875159		2232802743
2020-04-19		736		420236		1015		582065		2791111		2235593854
2020-04-20		712		420948		970		583035		2871195		2238465049
2020-04-21		721		421669		989		584024		3687735		2242152784
2020-04-22		720		422389		970		584994		2685210		2244837994
2020-04-23		727		423116		946		585940		2723594		2247561588
2020-04-24		722		423838		977		586917		2706202		2250267790
2020-04-25		712		424550		832		587749		2373417		2252641207
2020-04-26		715		425265		935		588684		2609312		2255250519
2020-04-27		712		425977		1033		589717		5629653		2260880172
2020-04-28		708		426685		856		590573		2442631		2263322803
2020-04-29		721		427406		922		591495		2674101		2265996904
2020-04-30		699		428105		742		592237		2449600		2268446504
2020-05-01		711		428816		882		593119		2497534		2270944038
2020-05-02		704		429520		886		594005		2570551		2273514589
2020-05-03		713		430233		832		594837		2392804		2275907393
2020-05-04		724		430957		742		595579		2318343		2278225736
2020-05-05		714		431671		796		596375		2595586		2280821322
2020-05-06		724		432395		749		597124		2270252		2283091574
2020-05-07		716		433111		752		597876		2230459		2285322033
2020-05-08		716		433827		903		598779		3457266		2288779299
2020-05-09		708		434535		936		599715		2655824		2291435123
2020-05-10		721		435256		996		600711		2789011		2294224134
2020-05-11		741		435997		924		601635		6566447		2300790581
2020-05-12		707		436704		700		602335		2162120		2302952701
2020-05-13		699		437403		720		603055		2255488		2305208189
2020-05-14		684		438087		740		603795		2174859		2307383048
2020-05-15		694		438781		864		604659		2354621		2309737669
2020-05-16		724		439505		947		605606		2895688		2312633357
2020-05-17		720		440225		962		606568		2651173		2315284530
2020-05-18		719		440944		952		607520		6575959		2321860489
2020-05-19		723		441667		906		608426		2641780		2324502269
2020-05-20		715		442382		869		609295		2496206		2326998475
2020-05-21		718		443100		803		610098		2386881		2329385356
2020-05-22		705		443805		787		610885		2227886		2331613242
2020-05-23		722		444527		799		611684		2377737		2333990979
2020-05-24		727		445254		831		612515		2490720		2336481699
2020-05-25		712		445966		741		613256		2280199		2338761898
2020-05-26		729		446695		755		614011		2192383		2340954281
2020-05-27		702		447397		731		614742		2224510		2343178791
2020-05-28		717		448114		659		615401		2040830		2345219621
2020-05-29		716		448830		918		616319		6133965		2351353586
2020-05-30		708		449538		852		617171		2640917		2353994503
2020-05-31		729		450267		712		617883		2434801		2356429304
2020-06-01		710		450977		706		618589		2138198		2358567502
2020-06-02		716		451693		704		619293		2271737		2360839239
2020-06-03		710		452403		630		619923		1972634		2362811873
2020-06-04		728		453131		675		620598		2168178		2364980051
2020-06-05		720		453851		808		621406		5820870		2370800921
2020-06-06		726		454577		641		622047		2144994		2372945915
2020-06-07		718		455295		674		622721		2030578		2374976493
2020-06-08		712		456007		740		623461		2296044		2377272537
2020-06-09		709		456716		699		624160		2294411		2379566948
2020-06-10		708		457424		635		624795		2427759		2381994707
2020-06-11		710		458134		648		625443		1997823		2383992530
2020-06-12		703		458837		704		626147		2232154		2386224684
2020-06-13		731		459568		698		626845		2177440		2388402124
2020-06-14		719		460287		680		627525		2272248		2390674372
2020-06-15		697		460984		609		628134		2015282		2392689654
2020-06-16		708		461692		603		628737		1908193		2394597847
2020-06-17		718		462410		613		629350		1992636		2396590483
2020-06-18		708		463118		508		629858		1764180		2398354663
2020-06-19		691		463809		657		630515		2025872		2400380535
2020-06-20		751		464560		741		631256		2211407		2402591942
2020-06-21		704		465264		647		631903		1964012		2404555954
2020-06-22		723		465987		693		632596		2106801		2406662755
2020-06-23		715		466702		641		633237		1948334		2408611089
2020-06-24		694		467396		673		633910		1985122		2410596211
2020-06-25		715		468111		634		634544		1927792		2412524003
2020-06-26		732		468843		718		635262		2204595		2414728598
2020-06-27		707		469550		628		635890		1919532		2416648130
2020-06-28		728		470278		703		636593		2079303		2418727433
2020-06-29		706		470984		727		637320		2299860		2421027293
2020-06-30		721		471705		704		638024		2328423		2423355716
2020-07-01		714		472419		615		638639		1921744		2425277460
2020-07-02		721		473140		659		639298		2012902		2427290362
2020-07-03		700		473840		602		639900		1869022		2429159384
2020-07-04		702		474542		786		640686		2432588		2431591972
2020-07-05		703		475245		758		641444		2121794		2433713766
2020-07-06		691		475936		676		642120		1982994		2435696760
2020-07-07		716		476652		761		642881		2156213		2437852973
2020-07-08		702		477354		977		643858		2605047		2440458020
2020-07-09		708		478062		853		644711		2503852		2442961872
2020-07-10		700		478762		857		645568		2532949		2445494821
2020-07-11		717		479479		832		646400		2458326		2447953147
2020-07-12		708		480187		804		647204		2281204		2450234351
2020-07-13		714		480901		821		648025		2708516		2452942867
2020-07-14		708		481609		752		648777		2142316		2455085183
2020-07-15		709		482318		724		649501		2082107		2457167290
2020-07-16		723		483041		1018		650519		2883333		2460050623
2020-07-17		676		483717		855		651374		2394814		2462445437
2020-07-18		732		484449		1054		652428		2769307		2465214744
2020-07-19		704		485153		1012		653440		2820405		2468035149
2020-07-20		714		485867		1142		654582		3058362		2471093511
2020-07-21		689		486556		755		655337		2146804		2473240315
2020-07-22		687		487243		722		656059		2116923		2475357238
2020-07-23		713		487956		722		656781		2055889		2477413127
2020-07-24		713		488669		814		657595		2584060		2479997187
2020-07-25		716		489385		931		658526		2461872		2482459059
2020-07-26		689		490074		846		659372		2307503		2484766562
2020-07-27		675		490749		817		660189		2428487		2487195049
2020-07-28		724		491473		768		660957		2352287		2489547336
2020-07-29		693		492166		892		661849		2447905		2491995241
2020-07-30		729		492895		867		662716		2470034		2494465275
2020-07-31		710		493605		1155		663871		4865126		2499330401
2020-08-01		725		494330		1368		665239		4692140		2504022541
2020-08-02		717		495047		1257		666496		3242890		2507265431
2020-08-03		710		495757		1176		667672		3105520		2510370951
2020-08-04		722		496479		1175		668847		3097900		2513468851
2020-08-05		734		497213		1252		670099		3259886		2516728737
2020-08-06		739		497952		1032		671131		2873631		2519602368
2020-08-07		694		498646		1053		672184		2690700		2522293068
2020-08-08		724		499370		1109		673293		2834179		2525127247
2020-08-09		700		500070		1258		674551		3337873		2528465120
2020-08-10		753		500823		1409		675960		4221559		2532686679
2020-08-11		723		501546		990		676950		5499225		2538185904
2020-08-12		696		502242		1128		678078		4453927		2542639831
2020-08-13		728		502970		1153		679231		3013072		2545652903
2020-08-14		727		503697		1370		680601		5817166		2551470069
2020-08-15		716		504413		1205		681806		3218606		2554688675
2020-08-16		718		505131		825		682631		2610895		2557299570
2020-08-17		740		505871		826		683457		2483847		2559783417
2020-08-18		713		506584		862		684319		4349530		2564132947
2020-08-19		709		507293		691		685010		2908448		2567041395
2020-08-20		685		507978		675		685685		2091005		2569132400
2020-08-21		716		508694		649		686334		2092014		2571224414
2020-08-22		712		509406		653		686987		2462816		2573687230
2020-08-23		730		510136		767		687754		3174245		2576861475
2020-08-24		713		510849		600		688354		1872900		2578734375
2020-08-25		709		511558		683		689037		2060928		2580795303
2020-08-26		710		512268		600		689637		1995469		2582790772
2020-08-27		702		512970		697		690334		2066349		2584857121
2020-08-28		698		513668		787		691121		2259587		2587116708
2020-08-29		724		514392		903		692024		2423680		2589540388
2020-08-30		714		515106		777		692801		2326246		2591866634
2020-08-31		719		515825		879		693680		2512494		2594379128
2020-09-01		696		516521		953		694633		2591660		2596970788
2020-09-02		727		517248		950		695583		2610093		2599580881
2020-09-03		710		517958		936		696519		2510327		2602091208
2020-09-04		698		518656		997		697516		2692129		2604783337
2020-09-05		718		519374		1056		698572		2727312		2607510649
2020-09-06		721		520095		1050		699622		2759432		2610270081
2020-09-07		715		520810		1021		700643		2936828		2613206909
2020-09-08		709		521519		969		701612		2733544		2615940453
2020-09-09		721		522240		825		702437		2568187		2618508640
2020-09-10		715		522955		817		703254		2261441		2620770081
2020-09-11		708		523663		934		704188		2625632		2623395713
2020-09-12		718		524381		940		705128		2539748		2625935461
2020-09-13		716		525097		984		706112		2608938		2628544399
2020-09-14		729		525826		929		707041		2582219		2631126618
2020-09-15		730		526556		829		707870		2302691		2633429309
2020-09-16		723		527279		943		708813		2666381		2636095690
2020-09-17		712		527991		934		709747		2502238		2638597928
2020-09-18		718		528709		837		710584		2314975		2640912903
2020-09-19		700		529409		707		711291		2205500		2643118403
2020-09-20		670		530079		651		711942		1910785		2645029188
2020-09-21		707		530786		664		712606		2032142		2647061330
2020-09-22		665		531451		670		713276		3561927		2650623257
2020-09-23		695		532146		553		713829		1747453		2652370710
2020-09-24		664		532810		631		714460		1904350		2654275060
2020-09-25		677		533487		655		715115		2340287		2656615347
2020-09-26		673		534160		672		715787		2015315		2658630662
2020-09-27		679		534839		582		716369		1806684		2660437346
2020-09-28		704		535543		720		717089		2087475		2662524821
2020-09-29		728		536271		740		717829		2166212		2664691033
2020-09-30		721		536992		794		718623		2499194		2667190227
2020-10-01		722		537714		802		719425		2362036		2669552263
2020-10-02		713		538427		725		720150		2102069		2671654332
2020-10-03		698		539125		677		720827		2491107		2674145439
2020-10-04		732		539857		736		721563		2243729		2676389168
2020-10-05		710		540567		750		722313		2173628		2678562796
2020-10-06		723		541290		767		723080		2215571		2680778367
2020-10-07		728		542018		721		723801		2143629		2682921996
2020-10-08		705		542723		636		724437		1900665		2684822661
2020-10-09		730		543453		587		725024		2032135		2686854796
2020-10-10		712		544165		622		725646		1879721		2688734517
2020-10-11		725		544890		602		726248		2360651		2691095168
2020-10-12		724		545614		663		726911		1979242		2693074410
2020-10-13		717		546331		567		727478		1788144		2694862554
2020-10-14		712		547043		562		728040		1777265		2696639819
2020-10-15		710		547753		606		728646		2160465		2698800284
2020-10-16		718		548471		710		729356		2054353		2700854637
2020-10-17		706		549177		714		730070		2067858		2702922495
2020-10-18		722		549899		827		730897		2486052		2705408547
2020-10-19		730		550629		682		731579		2022228		2707430775
2020-10-20		707		551336		678		732257		2034063		2709464838
2020-10-21		713		552049		630		732887		1968199		2711433037
2020-10-22		708		552757		695		733582		2098638		2713531675
2020-10-23		715		553472		752		734334		2211817		2715743492
2020-10-24		715		554187		704		735038		2123164		2717866656
2020-10-25		692		554879		648		735686		1947655		2719814311
2020-10-26		713		555592		605		736291		1911703		2721726014
2020-10-27		716		556308		754		737045		2920266		2724646280
2020-10-28		723		557031		574		737619		1830822		2726477102
2020-10-29		721		557752		774		738393		2381845		2728858947
2020-10-30		718		558470		786		739179		2244703		2731103650
2020-10-31		723		559193		816		739995		2325452		2733429102
2020-11-01		667		559860		875		740870		2312434		2735741536
2020-11-02		731		560591		846		741716		2360747		2738102283
2020-11-03		726		561317		921		742637		5699229		2743801512
2020-11-04		713		562030		892		743529		3606637		2747408149
2020-11-05		710		562740		831		744360		2273039		2749681188
2020-11-06		731		563471		814		745174		2269496		2751950684
2020-11-07		741		564212		796		745970		2855513		2754806197
2020-11-08		699		564911		702		746672		2209249		2757015446
2020-11-09		709		565620		707		747379		2051992		2759067438
2020-11-10		721		566341		673		748052		1984427		2761051865
2020-11-11		703		567044		752		748804		2117440		2763169305
2020-11-12		719		567763		707		749511		2071393		2765240698
2020-11-13		713		568476		690		750201		2066660		2767307358
2020-11-14		700		569176		812		751013		2257896		2769565254
2020-11-15		722		569898		833		751846		2266630		2771831884
2020-11-16		714		570612		798		752644		2602555		2774434439
2020-11-17		735		571347		780		753424		2215510		2776649949
2020-11-18		712		572059		796		754220		2248062		2778898011
2020-11-19		722		572781		735		754955		2094698		2780992709
2020-11-20		720		573501		728		755683		2216053		2783208762
2020-11-21		715		574216		768		756451		2228916		2785437678
2020-11-22		720		574936		762		757213		3343426		2788781104
2020-11-23		725		575661		764		757977		2172381		2790953485
2020-11-24		698		576359		659		758636		2269931		2793223416
2020-11-25		697		577056		628		759264		1863882		2795087298
2020-11-26		688		577744		607		759871		1841889		2796929187
2020-11-27		696		578440		582		760453		1906061		2798835248
2020-11-28		690		579130		602		761055		1991886		2800827134
2020-11-29		686		579816		670		761725		4236963		2805064097
2020-11-30		659		580475		517		762242		1731151		2806795248
2020-12-01		682		581157		489		762731		1259656		2808054904
2020-12-02		678		581835		480		763211		1260200		2809315104
2020-12-03		650		582485		521		763732		3351939		2812667043
2020-12-04		667		583152		508		764240		1636541		2814303584
2020-12-05		687		583839		574		764814		2653127		2816956711
2020-12-06		670		584509		494		765308		1659129		2818615840
2020-12-07		653		585162		538		765846		1660063		2820275903
2020-12-08		668		585830		545		766391		1702085		2821977988
2020-12-09		687		586517		517		766908		1654102		2823632090
2020-12-10		666		587183		521		767429		2112377		2825744467
2020-12-11		675		587858		609		768038		1831605		2827576072
2020-12-12		674		588532		635		768673		1915385		2829491457
2020-12-13		686		589218		616		769289		1850950		2831342407
2020-12-14		692		589910		638		769927		2037011		2833379418
2020-12-15		678		590588		687		770614		2172134		2835551552
2020-12-16		672		591260		568		771182		1786394		2837337946
2020-12-17		672		591932		553		771735		1783023		2839120969
2020-12-18		671		592603		556		772291		1880691		2841001660
2020-12-19		637		593240		591		772882		1773371		2842775031
2020-12-20		668		593908		544		773426		1725411		2844500442
2020-12-21		643		594551		616		774042		1929122		2846429564
2020-12-22		717		595268		676		774718		2016104		2848445668
2020-12-23		655		595923		625		775343		1878125		2850323793
2020-12-24		672		596595		672		776015		2943249		2853267042
2020-12-25		676		597271		617		776632		1908789		2855175831
2020-12-26		702		597973		708		777340		2145498		2857321329
2020-12-27		686		598659		726		778066		2084826		2859406155
2020-12-28		715		599374		769		778835		2806729		2862212884
2020-12-29		679		600053		663		779498		2074778		2864287662
2020-12-30		702		600755		857		780355		8770252		2873057914
2020-12-31		642		601397		534		780889		1735795		2874793709
2021-01-01		674		602071		628		781517		1874834		2876668543
2021-01-02		643		602714		695		782212		4044635		2880713178
2021-01-03		628		603342		581		782793		1838222		2882551400
2021-01-04		664		604006		539		783332		1690813		2884242213
2021-01-05		680		604686		1027		784359		19977702		2904219915
2021-01-06		643		605329		510		784869		1673317		2905893232
2021-01-07		652		605981		460		785329		1983116		2907876348
2021-01-08		639		606620		472		785801		1798735		2909675083
2021-01-09		642		607262		495		786296		1691837		2911366920
2021-01-10		644		607906		550		786846		1705236		2913072156
2021-01-11		671		608577		569		787415		1744455		2914816611
2021-01-12		674		609251		560		787975		1733671		2916550282
2021-01-13		669		609920		614		788589		1870949		2918421231
2021-01-14		626		610546		435		789024		1464333		2919885564
2021-01-15		659		611205		506		789530		1713286		2921598850
2021-01-16		674		611879		478		790008		1627331		2923226181
2021-01-17		687		612566		588		790596		4231167		2927457348
2021-01-18		671		613237		473		791069		1664252		2929121600
2021-01-19		664		613901		622		791691		1849102		2930970702
2021-01-20		681		614582		514		792205		1727569		2932698271
2021-01-21		629		615211		490		792695		1573777		2934272048
2021-01-22		662		615873		557		793252		2562383		2936834431
2021-01-23		660		616533		507		793759		2154493		2938988924
2021-01-24		669		617202		523		794282		1681522		2940670446
2021-01-25		614		617816		502		794784		1664700		2942335146
2021-01-26		653		618469		620		795404		1839216		2944174362
2021-01-27		652		619121		609		796013		1845473		2946019835
2021-01-28		660		619781		661		796674		1942018		2947961853
2021-01-29		691		620472		639		797313		1938741		2949900594
2021-01-30		697		621169		616		797929		1947150		2951847744
2021-01-31		658		621827		521		798450		2825615		2954673359
2021-02-01		659		622486		594		799044		1814302		2956487661
2021-02-02		626		623112		524		799568		1622212		2958109873
2021-02-03		682		623794		708		800276		5822510		2963932383
2021-02-04		644		624438		612		800888		4266099		2968198482
2021-02-05		645		625083		690		801578		6124934		2974323416
2021-02-06		651		625734		731		802309		8781979		2983105395
2021-02-07		656		626390		621		802930		1858291		2984963686
2021-02-08		670		627060		926		803856		13265462		2998229148
2021-02-09		690		627750		625		804481		1926275		3000155423
2021-02-10		636		628386		552		805033		1908063		3002063486
2021-02-11		657		629043		645		805678		1911498		3003974984
2021-02-12		600		629643		502		806180		1750404		3005725388
2021-02-13		661		630304		454		806634		1694174		3007419562
2021-02-14		628		630932		381		807015		1614056		3009033618
2021-02-15		632		631564		474		807489		4165458		3013199076
2021-02-16		612		632176		413		807902		1398571		3014597647
2021-02-17		635		632811		596		808498		4395955		3018993602
2021-02-18		605		633416		488		808986		4824153		3023817755
2021-02-19		623		634039		507		809493		2546985		3026364740
2021-02-20		652		634691		507		810000		2105443		3028470183
2021-02-21		621		635312		500		810500		1600857		3030071040
2021-02-22		631		635943		450		810950		1574254		3031645294
2021-02-23		676		636619		491		811441		2797547		3034442841
2021-02-24		633		637252		355		811796		1323937		3035766778
2021-02-25		621		637873		472		812268		1516506		3037283284
2021-02-26		620		638493		471		812739		1569183		3038852467
2021-02-27		617		639110		574		813313		1715081		3040567548
2021-02-28		589		639699		462		813775		1507737		3042075285
2021-03-01		581		640280		388		814163		1642331		3043717616
2021-03-02		567		640847		391		814554		1720571		3045438187
2021-03-03		667		641514		401		814955		1445321		3046883508
2021-03-04		634		642148		391		815346		1385958		3048269466
2021-03-05		591		642739		407		815753		2007234		3050276700
2021-03-06		650		643389		419		816172		1483454		3051760154
2021-03-07		630		644019		449		816621		1598939		3053359093
2021-03-08		665		644684		401		817022		1588441		3054947534
2021-03-09		658		645342		378		817400		1403096		3056350630
2021-03-10		642		645984		381		817781		1383122		3057733752
2021-03-11		677		646661		426		818207		1577420		3059311172
2021-03-12		662		647323		366		818573		1428424		3060739596
2021-03-13		688		648011		445		819018		1580618		3062320214
2021-03-14		658		648669		476		819494		1606229		3063926443
2021-03-15		673		649342		514		820008		1676285		3065602728
2021-03-16		668		650010		446		820454		2017397		3067620125
2021-03-17		687		650697		498		820952		1677477		3069297602
2021-03-18		688		651385		460		821412		1650588		3070948190
2021-03-19		611		651996		520		821932		1619122		3072567312
2021-03-20		642		652638		527		822459		1655153		3074222465
2021-03-21		642		653280		568		823027		3096145		3077318610
2021-03-22		642		653922		516		823543		1646945		3078965555
2021-03-23		651		654573		605		824148		3710400		3082675955
2021-03-24		579		655152		536		824684		2778865		3085454820
2021-03-25		608		655760		572		825256		1748914		3087203734
2021-03-26		558		656318		565		825821		1937444		3089141178
2021-03-27		651		656969		608		826429		1816099		3090957277
2021-03-28		703		657672		610		827039		2230703		3093187980
2021-03-29		650		658322		502		827541		1611940		3094799920
2021-03-30		654		658976		498		828039		1639480		3096439400
2021-03-31		659		659635		490		828529		1590090		3098029490
2021-04-01		636		660271		455		828984		1533361		3099562851
2021-04-02		658		660929		567		829551		2912792		3102475643
2021-04-03		664		661593		638		830189		2043003		3104518646
2021-04-04		699		662292		526		830715		1711558		3106230204
2021-04-05		664		662956		603		831318		1941521		3108171725
2021-04-06		677		663633		636		831954		1880596		3110052321
2021-04-07		674		664307		493		832447		1633093		3111685414
2021-04-08		593		664900		656		833103		5301255		3116986669
2021-04-09		598		665498		513		833616		3755438		3120742107
2021-04-10		653		666151		601		834217		5224877		3125966984
2021-04-11		655		666806		733		834950		8608835		3134575819
2021-04-12		628		667434		577		835527		1829749		3136405568
2021-04-13		699		668133		700		836227		7623745		3144029313
2021-04-14		693		668826		450		836677		2922380		3146951693
2021-04-15		682		669508		410		837087		1476854		3148428547
2021-04-16		697		670205		473		837560		1598257		3150026804
2021-04-17		729		670934		587		838147		2752621		3152779425
2021-04-18		707		671641		599		838746		3290791		3156070216
2021-04-19		706		672347		609		839355		1875218		3157945434
2021-04-20		691		673038		797		840152		7010942		3164956376
2021-04-21		704		673742		833		840985		2284714		3167241090
2021-04-22		682		674424		796		841781		2265110		3169506200
2021-04-23		754		675178		777		842558		5400395		3174906595
2021-04-24		648		675826		632		843190		4439629		3179346224
2021-04-25		634		676460		768		843958		7209175		3186555399
2021-04-26		718		677178		733		844691		6057904		3192613303
2021-04-27		680		677858		633		845324		2074549		3194687852
2021-04-28		699		678557		638		845962		1881253		3196569105
2021-04-29		724		679281		723		846685		2089526		3198658631
2021-04-30		704		679985		700		847385		2248491		3200907122
2021-05-01		705		680690		708		848093		5127449		3206034571
2021-05-02		712		681402		577		848670		1805288		3207839859
2021-05-03		691		682093		552		849222		1882289		3209722148
2021-05-04		713		682806		510		849732		2381899		3212104047
2021-05-05		710		683516		546		850278		2096984		3214201031
2021-05-06		707		684223		495		850773		1752609		3215953640
2021-05-07		691		684914		497		851270		2612440		3218566080
2021-05-08		714		685628		527		851797		1750571		3220316651
2021-05-09		692		686320		590		852387		1929402		3222246053
2021-05-10		696		687016		521		852908		1694677		3223940730
2021-05-11		717		687733		587		853495		1862808		3225803538
2021-05-12		706		688439		605		854100		1844977		3227648515
2021-05-13		732		689171		538		854638		1784926		3229433441
2021-05-14		716		689887		564		855202		2133825		3231567266
2021-05-15		708		690595		559		855761		1781339		3233348605
2021-05-16		716		691311		518		856279		1694401		3235043006
2021-05-17		722		692033		465		856744		1604724		3236647730
2021-05-18		710		692743		445		857189		1569757		3238217487
2021-05-19		715		693458		550		857739		3295329		3241512816
2021-05-20		715		694173		460		858199		1622482		3243135298
2021-05-21		713		694886		479		858678		1542903		3244678201
2021-05-22		701		695587		545		859223		1893495		3246571696
2021-05-23		714		696301		584		859807		1845016		3248416712
2021-05-24		706		697007		648		860455		1929144		3250345856
2021-05-25		702		697709		691		861146		2112468		3252458324
2021-05-26		708		698417		697		861843		2039740		3254498064
2021-05-27		721		699138		662		862505		2003368		3256501432
2021-05-28		728		699866		728		863233		2136473		3258637905
2021-05-29		725		700591		657		863890		1989311		3260627216
2021-05-30		698		701289		629		864519		2078320		3262705536
2021-05-31		719		702008		640		865159		1953101		3264658637
2021-06-01		698		702706		585		865744		3036680		3267695317
2021-06-02		699		703405		564		866308		1780916		3269476233
2021-06-03		707		704112		564		866872		1786802		3271263035
2021-06-04		723		704835		586		867458		1890517		3273153552
2021-06-05		700		705535		573		868031		1790735		3274944287
2021-06-06		704		706239		558		868589		1776166		3276720453
2021-06-07		699		706938		585		869174		1842343		3278562796
2021-06-08		730		707668		657		869831		1984386		3280547182
2021-06-09		701		708369		612		870443		1934290		3282481472
2021-06-10		706		709075		607		871050		1917207		3284398679
2021-06-11		694		709769		579		871629		1794153		3286192832
2021-06-12		727		710496		639		872268		2123815		3288316647
2021-06-13		707		711203		577		872845		1972919		3290289566
2021-06-14		714		711917		465		873310		1750816		3292040382
2021-06-15		709		712626		531		873841		1765861		3293806243
2021-06-16		718		713344		579		874420		3278626		3297084869
2021-06-17		712		714056		445		874865		2344032		3299428901
2021-06-18		658		714714		675		875540		10142366		3309571267
2021-06-19		683		715397		578		876118		5415703		3314986970
2021-06-20		707		716104		464		876582		1755772		3316742742
2021-06-21		675		716779		536		877118		6362660		3323105402
2021-06-22		670		717449		351		877469		1345539		3324450941
2021-06-23		711		718160		391		877860		1836437		3326287378
2021-06-24		702		718862		395		878255		1508482		3327795860
2021-06-25		698		719560		395		878650		2273424		3330069284
2021-06-26		700		720260		411		879061		1477798		3331547082
2021-06-27		723		720983		381		879442		1457711		3333004793
2021-06-28		722		721705		434		879876		1584457		3334589250
2021-06-29		720		722425		407		880283		1907046		3336496296
2021-06-30		703		723128		458		880741		1833080		3338329376
2021-07-01		722		723850		405		881146		1756816		3340086192
2021-07-02		722		724572		420		881566		1521619		3341607811
2021-07-03		694		725266		548		882114		3120075		3344727886
2021-07-04		725		725991		429		882543		1630874		3346358760
2021-07-05		728		726719		476		883019		1751174		3348109934
2021-07-06		707		727426		470		883489		1620549		3349730483
2021-07-07		705		728131		440		883929		1680347		3351410830
2021-07-08		719		728850		432		884361		1799716		3353210546
2021-07-09		717		729567		498		884859		1777118		3354987664
2021-07-10		689		730256		490		885349		1823240		3356810904
2021-07-11		703		730959		451		885800		1743949		3358554853
2021-07-12		712		731671		426		886226		1661928		3360216781
2021-07-13		710		732381		381		886607		1466915		3361683696
2021-07-14		712		733093		352		886959		1406333		3363090029
2021-07-15		718		733811		375		887334		1506543		3364596572
2021-07-16		714		734525		441		887775		1590246		3366186818
2021-07-17		731		735256		389		888164		1488799		3367675617
2021-07-18		722		735978		403		888567		2465036		3370140653
2021-07-19		718		736696		344		888911		1397711		3371538364
2021-07-20		708		737404		340		889251		1378654		3372917018
2021-07-21		722		738126		365		889616		1420218		3374337236
2021-07-22		704		738830		392		890008		1447018		3375784254
2021-07-23		706		739536		400		890408		1554787		3377339041
2021-07-24		703		740239		364		890772		1483913		3378822954
2021-07-25		732		740971		352		891124		1408712		3380231666
2021-07-26		714		741685		334		891458		1397120		3381628786
2021-07-27		719		742404		347		891805		1379497		3383008283
2021-07-28		697		743101		407		892212		1501387		3384509670
2021-07-29		719		743820		319		892531		1335477		3385845147
2021-07-30		725		744545		383		892914		1432454		3387277601
2021-07-31		710		745255		417		893331		1623194		3388900795
2021-08-01		727		745982		368		893699		1492198		3390392993
2021-08-02		690		746672		342		894041		1429674		3391822667
2021-08-03		711		747383		363		894404		1418825		3393241492
2021-08-04		716		748099		364		894768		1415005		3394656497
2021-08-05		710		748809		408		895176		1356297		3396012794
2021-08-06		700		749509		367		895543		1673108		3397685902
2021-08-07		715		750224		338		895881		1399133		3399085035
2021-08-08		722		750946		403		896284		1888899		3400973934
2021-08-09		711		751657		352		896636		1437661		3402411595
2021-08-10		726		752383		346		896982		1411620		3403823215
2021-08-11		681		753064		346		897328		1340755		3405163970
2021-08-12		708		753772		324		897652		1350225		3406514195
2021-08-13		683		754455		303		897955		1251729		3407765924
2021-08-14		715		755170		317		898272		1372511		3409138435
2021-08-15		685		755855		291		898563		1241290		3410379725
2021-08-16		708		756563		313		898876		1281263		3411660988
2021-08-17		681		757244		340		899216		1367603		3413028591
2021-08-18		702		757946		349		899565		1360392		3414388983
2021-08-19		691		758637		385		899950		1445090		3415834073
2021-08-20		705		759342		297		900247		1023583		3416857656
2021-08-21		701		760043		391		900638		1749974		3418607630
2021-08-22		690		760733		360		900998		1377641		3419985271
2021-08-23		696		761429		492		901490		1728945		3421714216
2021-08-24		691		762120		374		901864		1591670		3423305886
2021-08-25		696		762816		413		902277		1530737		3424836623
2021-08-26		704		763520		358		902635		1428220		3426264843
2021-08-27		678		764198		341		902976		1265142		3427529985
2021-08-28		701		764899		333		903309		1447835		3428977820
2021-08-29		721		765620		361		903670		1492862		3430470682
2021-08-30		703		766323		367		904037		1420094		3431890776
2021-08-31		717		767040		339		904376		1464476		3433355252
2021-09-01		682		767722		321		904697		1317977		3434673229
2021-09-02		718		768440		318		905015		1307300		3435980529
2021-09-03		707		769147		315		905330		1354685		3437335214
2021-09-04		720		769867		375		905705		1444562		3438779776
2021-09-05		730		770597		319		906024		1356922		3440136698
2021-09-06		719		771316		368		906392		1527840		3441664538
2021-09-07		718		772034		315		906707		1340542		3443005080
2021-09-08		718		772752		334		907041		1343554		3444348634
2021-09-09		719		773471		372		907413		1435386		3445784020
2021-09-10		716		774187		363		907776		1426674		3447210694
2021-09-11		732		774919		366		908142		1450900		3448661594
2021-09-12		714		775633		383		908525		1459641		3450121235
2021-09-13		713		776346		301		908826		1301885		3451423120
2021-09-14		715		777061		352		909178		1397436		3452820556
2021-09-15		721		777782		272		909450		1262254		3454082810
2021-09-16		709		778491		378		909828		1451847		3455534657
2021-09-17		723		779214		436		910264		1615849		3457150506
2021-09-18		709		779923		387		910651		3862914		3461013420
2021-09-19		726		780649		272		910923		1282343		3462295763
2021-09-20		701		781350		305		911228		1415938		3463711701
2021-09-21		704		782054		318		911546		1355782		3465067483
2021-09-22		717		782771		327		911873		1337002		3466404485
2021-09-23		728		783499		367		912240		3673416		3470077901
2021-09-24		709		784208		413		912653		5240403		3475318304
2021-09-25		710		784918		334		912987		1394747		3476713051
2021-09-26		724		785642		342		913329		1405753		3478118804
2021-09-27		686		786328		307		913636		1284957		3479403761
2021-09-28		711		787039		322		913958		1339253		3480743014
2021-09-29		714		787753		342		914300		1442163		3482185177
2021-09-30		720		788473		323		914623		1392018		3483577195
2021-10-01		702		789175		322		914945		1652430		3485229625
2021-10-02		714		789889		332		915277		1501796		3486731421
2021-10-03		719		790608		304		915581		1308263		3488039684
2021-10-04		690		791298		284		915865		1244164		3489283848
2021-10-05		722		792020		286		916151		1276685		3490560533
2021-10-06		712		792732		370		916521		1686410		3492246943
2021-10-07		723		793455		306		916827		1365791		3493612734
2021-10-08		719		794174		346		917173		1401320		3495014054
2021-10-09		723		794897		393		917566		1465616		3496479670
2021-10-10		695		795592		387		917953		1494920		3497974590
2021-10-11		718		796310		352		918305		1514075		3499488665
2021-10-12		705		797015		292		918597		1299047		3500787712
2021-10-13		738		797753		331		918928		1802818		3502590530
2021-10-14		678		798431		318		919246		1666892		3504257422
2021-10-15		725		799156		308		919554		1354775		3505612197
2021-10-16		718		799874		288		919842		1269291		3506881488
2021-10-17		693		800567		313		920155		1344993		3508226481
2021-10-18		708		801275		264		920419		1236974		3509463455
2021-10-19		708		801983		261		920680		1238498		3510701953
2021-10-20		729		802712		254		920934		1392640		3512094593
2021-10-21		673		803385		263		921197		1567060		3513661653
2021-10-22		710		804095		306		921503		1329364		3514991017
2021-10-23		709		804804		325		921828		3370018		3518361035
2021-10-24		697		805501		234		922062		1324509		3519685544
2021-10-25		710		806211		281		922343		1283495		3520969039
2021-10-26		699		806910		260		922603		1177716		3522146755
2021-10-27		710		807620		272		922875		1297393		3523444148
2021-10-28		714		808334		234		923109		1183288		3524627436
2021-10-29		699		809033		200		923309		1125420		3525752856
2021-10-30		717		809750		275		923584		1257007		3527009863
2021-10-31		717		810467		271		923855		1233957		3528243820
2021-11-01		712		811179		237		924092		1260108		3529503928
2021-11-02		704		811883		198		924290		1100066		3530603994
2021-11-03		697		812580		227		924517		1313055		3531917049
2021-11-04		704		813284		217		924734		1127186		3533044235
2021-11-05		691		813975		215		924949		1108949		3534153184
2021-11-06		702		814677		234		925183		1154830		3535308014
2021-11-07		726		815403		220		925403		1172215		3536480229
2021-11-08		719		816122		217		925620		1177942		3537658171
2021-11-09		712		816834		197		925817		1200523		3538858694
2021-11-10		688		817522		220		926037		1188957		3540047651
2021-11-11		707		818229		285		926322		1907627		3541955278
2021-11-12		716		818945		212		926534		1120767		3543076045
2021-11-13		710		819655		270		926804		1739190		3544815235
2021-11-14		711		820366		197		927001		1101665		3545916900
2021-11-15		689		821055		198		927199		1109170		3547026070
2021-11-16		715		821770		267		927466		3216104		3550242174
2021-11-17		715		822485		207		927673		1140951		3551383125
2021-11-18		696		823181		253		927926		1216193		3552599318
2021-11-19		710		823891		297		928223		2133592		3554732910
2021-11-20		712		824603		226		928449		1144021		3555876931
2021-11-21		705		825308		213		928662		1133382		3557010313
2021-11-22		709		826017		237		928899		1146022		3558156335
2021-11-23		713		826730		245		929144		1180164		3559336499
2021-11-24		723		827453		236		929380		1204086		3560540585
2021-11-25		698		828151		315		929695		1672783		3562213368
2021-11-26		701		828852		283		929978		1242432		3563455800
2021-11-27		709		829561		247		930225		1207198		3564662998
2021-11-28		725		830286		255		930480		1216651		3565879649
2021-11-29		700		830986		226		930706		1132289		3567011938
2021-11-30		717		831703		212		930918		1218445		3568230383
2021-12-01		698		832401		207		931125		1087048		3569317431
2021-12-02		714		833115		243		931368		1165345		3570482776
2021-12-03		713		833828		254		931622		1265439		3571748215
2021-12-04		710		834538		181		931803		1088974		3572837189
2021-12-05		720		835258		211		932014		1204040		3574041229
2021-12-06		719		835977		166		932180		1052683		3575093912
2021-12-07		715		836692		163		932343		1070938		3576164850
2021-12-08		720		837412		223		932566		1130661		3577295511
2021-12-09		702		838114		194		932760		1096089		3578391600
2021-12-10		711		838825		201		932961		1088151		3579479751
2021-12-11		715		839540		192		933153		1083915		3580563666
2021-12-12		718		840258		247		933400		1233959		3581797625
2021-12-13		735		840993		182		933582		1090254		3582887879
2021-12-14		711		841704		230		933812		2456731		3585344610
2021-12-15		706		842410		546		934358		13475191		3598819801
2021-12-16		699		843109		223		934581		2009643		3600829444
2021-12-17		707		843816		221		934802		1852376		3602681820
2021-12-18		711		844527		186		934988		1073643		3603755463
2021-12-19		705		845232		185		935173		1189071		3604944534
2021-12-20		729		845961		249		935422		2013946		3606958480
2021-12-21		722		846683		427		935849		7677964		3614636444
2021-12-22		710		847393		185		936034		1067473		3615703917
2021-12-23		678		848071		204		936238		1110189		3616814106
2021-12-24		711		848782		185		936423		1072741		3617886847
2021-12-25		704		849486		178		936601		1039197		3618926044
2021-12-26		724		850210		182		936783		1064222		3619990266
2021-12-27		714		850924		209		936992		1111234		3621101500
2021-12-28		726		851650		200		937192		1107487		3622208987
2021-12-29		705		852355		165		937357		1049997		3623258984
2021-12-30		725		853080		198		937555		1156476		3624415460
2021-12-31		719		853799		199		937754		1896784		3626312244
2022-01-01		696		854495		161		937915		1024591		3627336835
2022-01-02		721		855216		204		938119		1111952		3628448787
2022-01-03		719		855935		195		938314		1111136		3629559923
2022-01-04		718		856653		201		938515		1106633		3630666556
2022-01-05		714		857367		204		938719		1118956		3631785512
2022-01-06		719		858086		245		938964		1191412		3632976924
2022-01-07		702		858788		228		939192		1155046		3634131970
2022-01-08		705		859493		200		939392		1105604		3635237574
2022-01-09		716		860209		204		939596		1097332		3636334906
2022-01-10		704		860913		233		939829		1161801		3637496707
2022-01-11		712		861625		234		940063		1186936		3638683643
2022-01-12		697		862322		271		940334		1214920		3639898563
2022-01-13		693		863015		251		940585		1171159		3641069722
2022-01-14		725		863740		268		940853		1250101		3642319823
2022-01-15		728		864468		309		941162		2283703		3644603526
2022-01-16		727		865195		328		941490		3216520		3647820046
2022-01-17		722		865917		345		941835		3404572		3651224618
2022-01-18		684		866601		266		942101		1277783		3652502401
2022-01-19		703		867304		218		942319		1134118		3653636519
2022-01-20		684		867988		252		942571		1196418		3654832937
2022-01-21		701		868689		239		942810		1143338		3655976275
2022-01-22		734		869423		166		942976		1065169		3657041444
2022-01-23		697		870120		228		943204		1202749		3658244193
2022-01-24		717		870837		238		943442		1184367		3659428560
2022-01-25		705		871542		252		943694		1792305		3661220865
2022-01-26		728		872270		182		943876		1106614		3662327479
2022-01-27		697		872967		201		944077		1095179		3663422658
2022-01-28		711		873678		195		944272		1090999		3664513657
2022-01-29		718		874396		175		944447		1049590		3665563247
2022-01-30		717		875113		176		944623		1057730		3666620977
2022-01-31		711		875824		219		944842		1118294		3667739271
2022-02-01		717		876541		210		945052		1143515		3668882786
2022-02-02		695		877236		222		945274		1134853		3670017639
2022-02-03		689		877925		219		945493		1257579		3671275218
2022-02-04		723		878648		221		945714		1144513		3672419731
2022-02-05		712		879360		268		945982		2841883		3675261614
2022-02-06		710		880070		199		946181		1089204		3676350818
2022-02-07		712		880782		186		946367		1088553		3677439371
2022-02-08		719		881501		210		946577		1124676		3678564047
2022-02-09		699		882200		211		946788		1116278		3679680325
2022-02-10		714		882914		222		947010		1127117		3680807442
2022-02-11		714		883628		240		947250		1730466		3682537908
2022-02-12		711		884339		222		947472		1161338		3683699246
2022-02-13		716		885055		189		947661		1132196		3684831442
2022-02-14		715		885770		226		947887		1218358		3686049800
2022-02-15		712		886482		218		948105		1149022		3687198822
2022-02-16		712		887194		255		948360		1208703		3688407525
2022-02-17		710		887904		239		948599		1182017		3689589542
2022-02-18		706		888610		212		948811		1110892		3690700434
2022-02-19		724		889334		269		949080		1239521		3691939955
2022-02-20		726		890060		205		949285		1112908		3693052863
2022-02-21		722		890782		271		949556		1261335		3694314198
2022-02-22		725		891507		285		949841		1280202		3695594400
2022-02-23		724		892231		282		950123		1244250		3696838650
2022-02-24		713		892944		288		950411		1279776		3698118426
2022-02-25		726		893670		236		950647		1180994		3699299420
2022-02-26		713		894383		261		950908		1192832		3700492252
2022-02-27		709		895092		232		951140		1282613		3701774865
2022-02-28		715		895807		226		951366		1185967		3702960832
2022-03-01		716		896523		244		951610		1188171		3704149003
2022-03-02		727		897250		288		951898		1280509		3705429512
2022-03-03		710		897960		271		952169		1247245		3706676757
2022-03-04		702		898662		228		952397		1135286		3707812043
2022-03-05		690		899352		218		952615		1170797		3708982840
2022-03-06		726		900078		237		952852		1188997		3710171837
2022-03-07		714		900792		212		953064		1154268		3711326105
2022-03-08		703		901495		422		953486		6586335		3717912440
2022-03-09		727		902222		272		953758		1285305		3719197745
2022-03-10		699		902921		271		954029		1217433		3720415178
2022-03-11		691		903612		277		954306		1208760		3721623938
2022-03-12		709		904321		234		954540		1183699		3722807637
2022-03-13		718		905039		278		954818		1250718		3724058355
2022-03-14		733		905772		245		955063		1247965		3725306320
2022-03-15		724		906496		290		955353		1381475		3726687795
2022-03-16		732		907228		250		955603		1256756		3727944551
2022-03-17		703		907931		257		955860		1188777		3729133328
2022-03-18		701		908632		289		956149		1279892		3730413220
2022-03-19		712		909344		252		956401		1259886		3731673106
2022-03-20		711		910055		267		956668		1226201		3732899307
2022-03-21		710		910765		238		956906		1409960		3734309267
2022-03-22		721		911486		326		957232		1359142		3735668409
2022-03-23		728		912214		246		957478		1207992		3736876401
2022-03-24		710		912924		232		957710		1151083		3738027484
2022-03-25		725		913649		221		957931		1196021		3739223505
2022-03-26		682		914331		214		958145		1078885		3740302390
2022-03-27		720		915051		187		958332		1077707		3741380097
2022-03-28		715		915766		528		958860		11562288		3752942385
2022-03-29		709		916475		224		959084		1152612		3754094997
2022-03-30		700		917175		234		959318		1147949		3755242946
2022-03-31		710		917885		244		959562		1162783		3756405729
2022-04-01		708		918593		198		959760		986105		3757391834
2022-04-02		720		919313		253		960013		1322740		3758714574
2022-04-03		704		920017		217		960230		1150780		3759865354
2022-04-04		728		920745		275		960505		1274135		3761139489
2022-04-05		683		921428		221		960726		1121540		3762261029
2022-04-06		708		922136		257		960983		1216827		3763477856
2022-04-07		659		922795		288		961271		1207712		3764685568
2022-04-08		676		923471		243		961514		1360395		3766045963
2022-04-09		696		924167		247		961761		1249154		3767295117
2022-04-10		712		924879		247		962008		1176958		3768472075
2022-04-11		679		925558		242		962250		1160082		3769632157
2022-04-12		708		926266		316		962566		1446383		3771078540
2022-04-13		730		926996		298		962864		1322303		3772400843
2022-04-14		711		927707		301		963165		1303940		3773704783
2022-04-15		718		928425		330		963495		1359221		3775064004
2022-04-16		695		929120		279		963774		1240348		3776304352
2022-04-17		714		929834		314		964088		1312719		3777617071
2022-04-18		673		930507		285		964373		1234699		3778851770
2022-04-19		717		931224		258		964631		1210958		3780062728
2022-04-20		684		931908		262		964893		1263320		3781326048
2022-04-21		708		932616		297		965190		1275745		3782601793
2022-04-22		725		933341		293		965483		1282961		3783884754
2022-04-23		707		934048		243		965726		1181748		3785066502
2022-04-24		705		934753		258		965984		1201858		3786268360
2022-04-25		721		935474		310		966294		1489542		3787757902
2022-04-26		710		936184		300		966594		1339788		3789097690
2022-04-27		722		936906		286		966880		1259368		3790357058
2022-04-28		715		937621		278		967158		1244724		3791601782
2022-04-29		722		938343		245		967403		1215804		3792817586
2022-04-30		728		939071		233		967636		1202776		3794020362
2022-05-01		707		939778		233		967869		1159191		3795179553
2022-05-02		713		940491		265		968134		1217163		3796396716
2022-05-03		717		941208		224		968358		1167364		3797564080
2022-05-04		711		941919		264		968622		1217269		3798781349
2022-05-05		715		942634		231		968853		1187120		3799968469
2022-05-06		698		943332		259		969112		1207515		3801175984
2022-05-07		724		944056		503		969615		9822550		3810998534
2022-05-08		716		944772		240		969855		1184008		3812182542
2022-05-09		701		945473		251		970106		1203597		3813386139
2022-05-10		718		946191		272		970378		1280818		3814666957
2022-05-11		722		946913		228		970606		1189162		3815856119
2022-05-12		727		947640		293		970899		1343802		3817199921
2022-05-13		704		948344		236		971135		1143057		3818342978
2022-05-14		700		949044		273		971408		1246097		3819589075
2022-05-15		704		949748		266		971674		1215379		3820804454
2022-05-16		711		950459		235		971909		1167150		3821971604
2022-05-17		725		951184		267		972176		1238369		3823209973
2022-05-18		704		951888		241		972417		1191523		3824401496
2022-05-19		718		952606		291		972708		1249995		3825651491
2022-05-20		717		953323		278		972986		1281248		3826932739
2022-05-21		721		954044		284		973270		1276934		3828209673
2022-05-22		707		954751		268		973538		1232641		3829442314
2022-05-23		694		955445		292		973830		1280672		3830722986
2022-05-24		726		956171		271		974101		1217163		3831940149
2022-05-25		713		956884		297		974398		1315215		3833255364
2022-05-26		715		957599		290		974688		1263545		3834518909
2022-05-27		716		958315		277		974965		1258470		3835777379
2022-05-28		717		959032		273		975238		1223864		3837001243
2022-05-29		714		959746		233		975471		1199206		3838200449
2022-05-30		716		960462		251		975722		1193301		3839393750
2022-05-31		701		961163		279		976001		1248756		3840642506
2022-06-01		712		961875		280		976281		1298496		3841941002
2022-06-02		715		962590		309		976590		1308001		3843249003
2022-06-03		704		963294		280		976870		1262574		3844511577
2022-06-04		719		964013		345		977215		1365871		3845877448
2022-06-05		706		964719		291		977506		1293151		3847170599
2022-06-06		719		965438		333		977839		1368635		3848539234
2022-06-07		712		966150		315		978154		1306870		3849846104
2022-06-08		712		966862		331		978485		1363707		3851209811
2022-06-09		720		967582		273		978758		1250312		3852460123
2022-06-10		700		968282		304		979062		1291482		3853751605
2022-06-11		705		968987		256		979318		1221979		3854973584
2022-06-12		715		969702		302		979620		1300656		3856274240
2022-06-13		703		970405		343		979963		1372116		3857646356
2022-06-14		707		971112		283		980246		1249141		3858895497
2022-06-15		728		971840		328		980574		1367932		3860263429
2022-06-16		682		972522		256		980830		1169917		3861433346
2022-06-17		704		973226		330		981160		1349234		3862782580
2022-06-18		694		973920		292		981452		1266819		3864049399
2022-06-19		725		974645		328		981780		1345393		3865394792
2022-06-20		662		975307		342		982122		1499438		3866894230
2022-06-21		703		976010		281		982403		1247282		3868141512
2022-06-22		701		976711		357		982760		1404635		3869546147
2022-06-23		697		977408		333		983093		1335835		3870881982
2022-06-24		698		978106		340		983433		1364142		3872246124
2022-06-25		673		978779		301		983734		1247304		3873493428
2022-06-26		724		979503		274		984008		1256779		3874750207
2022-06-27		689		980192		282		984290		1222302		3875972509
2022-06-28		719		980911		284		984574		1271781		3877244290
2022-06-29		614		981525		284		984858		1121708		3878365998
2022-06-30		709		982234		362		985220		1423378		3879789376
2022-07-01		699		982933		296		985516		1302404		3881091780
2022-07-02		715		983648		345		985861		1378443		3882470223
2022-07-03		707		984355		305		986166		1295250		3883765473
2022-07-04		711		985066		310		986476		1317109		3885082582
2022-07-05		720		985786		301		986777		1329152		3886411734
2022-07-06		719		986505		295		987072		1186207		3887597941
2022-07-07		705		987210		318		987390		1413287		3889011228
2022-07-08		715		987925		298		987688		1287409		3890298637
2022-07-09		714		988639		335		988023		1345296		3891643933
2022-07-10		716		989355		310		988333		1304466		3892948399
2022-07-11		726		990081		381		988714		1453534		3894401933
2022-07-12		708		990789		348		989062		1430289		3895832222
2022-07-13		689		991478		340		989402		1367242		3897199464
2022-07-14		706		992184		340		989742		1350315		3898549779
2022-07-15		705		992889		331		990073		1348924		3899898703
2022-07-16		723		993612		350		990423		1417758		3901316461
2022-07-17		713		994325		371		990794		1425905		3902742366
2022-07-18		717		995042		346		991140		1400250		3904142616
2022-07-19		701		995743		285		991425		1252357		3905394973
2022-07-20		709		996452		249		991674		1215826		3906610799
2022-07-21		700		997152		362		992036		1385442		3907996241
2022-07-22		729		997881		299		992335		1301569		3909297810
2022-07-23		705		998586		266		992601		1231146		3910528956
2022-07-24		727		999313		348		992949		1374443		3911903399
2022-07-25		720		1000033		312		993261		1329470		3913232869
2022-07-26		683		1000716		366		993627		1398371		3914631240
2022-07-27		712		1001428		363		993990		1414962		3916046202
2022-07-28		715		1002143		353		994343		1391834		3917438036
2022-07-29		731		1002874		338		994681		1354923		3918792959
2022-07-30		714		1003588		352		995033		1379955		3920172914
2022-07-31		725		1004313		344		995377		1402027		3921574941
2022-08-01		718		1005031		343		995720		1378624		3922953565
2022-08-02		720		1005751		391		996111		1478893		3924432458
2022-08-03		718		1006469		397		996508		1495814		3925928272
2022-08-04		710		1007179		343		996851		1389882		3927318154
2022-08-05		725		1007904		356		997207		1388897		3928707051
2022-08-06		714		1008618		368		997575		1413492		3930120543
2022-08-07		709		1009327		377		997952		1481121		3931601664
2022-08-08		717		1010044		363		998315		1413269		3933014933
2022-08-09		713		1010757		336		998651		1340486		3934355419
2022-08-10		699		1011456		318		998969		1305805		3935661224
2022-08-11		716		1012172		323		999292		1364985		3937026209
2022-08-12		734		1012906		298		999590		1326469		3938352678
2022-08-13		713		1013619		271		999861		1236924		3939589602
2022-08-14		697		1014316		311		1000172		1301988		3940891590
2022-08-15		716		1015032		334		1000506		1386599		3942278189
2022-08-16		725		1015757		364		1000870		1447179		3943725368
2022-08-17		730		1016487		350		1001220		1426858		3945152226
2022-08-18		718		1017205		360		1001580		1400300		3946552526
2022-08-19		715		1017920		406		1001986		1491148		3948043674
2022-08-20		709		1018629		348		1002334		1390763		3949434437
2022-08-21		696		1019325		361		1002695		1409055		3950843492
2022-08-22		722		1020047		370		1003065		1415700		3952259192
2022-08-23		720		1020767		407		1003472		1527953		3953787145
2022-08-24		724		1021491		391		1003863		1463073		3955250218
2022-08-25		721		1022212		413		1004276		1468974		3956719192
2022-08-26		720		1022932		391		1004667		1459088		3958178280
2022-08-27		719		1023651		429		1005096		1529943		3959708223
2022-08-28		720		1024371		430		1005526		1543398		3961251621
2022-08-29		736		1025107		330		1005856		1336965		3962588586
2022-08-30		713		1025820		340		1006196		1404997		3963993583
2022-08-31		715		1026535		372		1006568		1437230		3965430813
2022-09-01		710		1027245		328		1006896		1344076		3966774889
2022-09-02		714		1027959		359		1007255		1384798		3968159687
2022-09-03		714		1028673		362		1007617		1425634		3969585321
2022-09-04		733		1029406		307		1007924		1327539		3970912860
2022-09-05		707		1030113		316		1008240		1306756		3972219616
2022-09-06		711		1030824		345		1008585		1358195		3973577811
2022-09-07		719		1031543		275		1008860		1253052		3974830863
2022-09-08		694		1032237		253		1009113		1129032		3975959895
2022-09-09		706		1032943		270		1009383		1234224		3977194119
2022-09-10		725		1033668		260		1009643		1179964		3978374083
2022-09-11		696		1034364		244		1009887		1145832		3979519915
2022-09-12		707		1035071		261		1010148		1188338		3980708253
2022-09-13		701		1035772		205		1010353		1083089		3981791342
2022-09-14		731		1036503		275		1010628		1240058		3983031400
2022-09-15		689		1037192		312		1010940		1271435		3984302835
2022-09-16		731		1037923		286		1011226		1326356		3985629191
2022-09-17		716		1038639		251		1011477		1182869		3986812060
2022-09-18		704		1039343		209		1011686		1081114		3987893174
2022-09-19		722		1040065		247		1011933		1188669		3989081843
2022-09-20		709		1040774		265		1012198		1406235		3990488078
2022-09-21		700		1041474		251		1012449		1138758		3991626836
2022-09-22		717		1042191		257		1012706		1199264		3992826100
2022-09-23		708		1042899		278		1012984		1207052		3994033152
2022-09-24		725		1043624		255		1013239		1227996		3995261148
2022-09-25		719		1044343		275		1013514		1213235		3996474383
2022-09-26		707		1045050		315		1013829		1292889		3997767272
2022-09-27		694		1045744		278		1014107		1236222		3999003494
2022-09-28		703		1046447		233		1014340		1123263		4000126757
2022-09-29		703		1047150		276		1014616		1244050		4001370807
2022-09-30		714		1047864		213		1014829		1119704		4002490511
2022-10-01		721		1048585		296		1015125		1298103		4003788614
2022-10-02		721		1049306		281		1015406		1241456		4005030070
2022-10-03		710		1050016		322		1015728		1320472		4006350542
2022-10-04		703		1050719		326		1016054		1315602		4007666144
2022-10-05		716		1051435		277		1016331		1266832		4008932976
2022-10-06		728		1052163		273		1016604		1237817		4010170793
2022-10-07		707		1052870		274		1016878		1219248		4011390041
2022-10-08		707		1053577		298		1017176		1303154		4012693195
2022-10-09		719		1054296		278		1017454		1238580		4013931775
2022-10-10		725		1055021		290		1017744		1261525		4015193300
2022-10-11		718		1055739		300		1018044		1275385		4016468685
2022-10-12		703		1056442		285		1018329		1239799		4017708484
2022-10-13		718		1057160		298		1018627		1279314		4018987798
2022-10-14		730		1057890		285		1018912		1576887		4020564685
2022-10-15		692		1058582		314		1019226		1285257		4021849942
2022-10-16		737		1059319		242		1019468		1212224		4023062166
2022-10-17		728		1060047		294		1019762		1319461		4024381627
2022-10-18		707		1060754		267		1020029		1234920		4025616547
2022-10-19		721		1061475		287		1020316		1255260		4026871807
2022-10-20		726		1062201		317		1020633		1355342		4028227149
2022-10-21		726		1062927		317		1020950		1348691		4029575840
2022-10-22		705		1063632		250		1021200		1173576		4030749416
2022-10-23		723		1064355		299		1021499		1299466		4032048882
2022-10-24		720		1065075		270		1021769		1256149		4033305031
2022-10-25		723		1065798		274		1022043		1235392		4034540423
2022-10-26		734		1066532		237		1022280		1190177		4035730600
2022-10-27		729		1067261		250		1022530		1257017		4036987617
2022-10-28		702		1067963		236		1022766		1132074		4038119691
2022-10-29		732		1068695		189		1022955		1099109		4039218800
2022-10-30		712		1069407		180		1023135		1043749		4040262549
2022-10-31		720		1070127		190		1023325		1095777		4041358326
2022-11-01		710		1070837		203		1023528		1100749		4042459075
2022-11-02		710		1071547		244		1023772		1174684		4043633759
2022-11-03		705		1072252		294		1024066		1267919		4044901678
2022-11-04		707		1072959		303		1024369		1289501		4046191179
2022-11-05		719		1073678		276		1024645		1267909		4047459088
2022-11-06		711		1074389		267		1024912		1222483		4048681571
2022-11-07		690		1075079		330		1025242		3542042		4052223613
2022-11-08		722		1075801		301		1025543		1342028		4053565641
2022-11-09		706		1076507		280		1025823		1228029		4054793670
2022-11-10		732		1077239		320		1026143		1366650		4056160320
2022-11-11		707		1077946		296		1026439		1281524		4057441844
2022-11-12		702		1078648		261		1026700		1207825		4058649669
2022-11-13		706		1079354		261		1026961		1221651		4059871320
2022-11-14		696		1080050		315		1027276		1278556		4061149876
2022-11-15		716		1080766		507		1027783		1713031		4062862907
2022-11-16		743		1081509		614		1028397		1914415		4064777322
2022-11-17		693		1082202		781		1029178		2250815		4067028137
2022-11-18		719		1082921		320		1029498		1337565		4068365702
2022-11-19		700		1083621		221		1029719		1142149		4069507851
2022-11-20		729		1084350		248		1029967		1212731		4070720582
2022-11-21		723		1085073		230		1030197		1181722		4071902304
2022-11-22		708		1085781		232		1030429		1188172		4073090476
2022-11-23		733		1086514		218		1030647		1153431		4074243907
2022-11-24		723		1087237		222		1030869		1137673		4075381580
2022-11-25		719		1087956		217		1031086		1143584		4076525164
2022-11-26		722		1088678		205		1031291		1132999		4077658163
2022-11-27		568		1089246		149		1031440		870353		4078528516
2022-11-28		310		1089556		134		1031574		670862		4079199378
2022-11-29		316		1089872		103		1031677		537430		4079736808
2022-11-30		477		1090349		103		1031780		674000		4080410808
2022-12-01		705		1091054		195		1031975		1074794		4081485602
2022-12-02		724		1091778		192		1032167		1083094		4082568696
2022-12-03		711		1092489		208		1032375		1123086		4083691782
2022-12-04		719		1093208		187		1032562		1075143		4084766925
2022-12-05		734		1093942		184		1032746		1153042		4085919967
2022-12-06		727		1094669		151		1032897		1022680		4086942647
2022-12-07		709		1095378		179		1033076		1078859		4088021506
2022-12-08		693		1096071		175		1033251		1032247		4089053753
2022-12-09		714		1096785		193		1033444		1095569		4090149322
2022-12-10		723		1097508		226		1033670		1163604		4091312926
2022-12-11		701		1098209		161		1033831		1017621		4092330547
2022-12-12		688		1098897		214		1034045		1116085		4093446632
2022-12-13		727		1099624		194		1034239		1108933		4094555565
2022-12-14		694		1100318		168		1034407		1029171		4095584736
2022-12-15		713		1101031		185		1034592		1079802		4096664538
2022-12-16		719		1101750		174		1034766		1033558		4097698096
2022-12-17		713		1102463		195		1034961		1101764		4098799860
2022-12-18		713		1103176		375		1035336		7302131		4106101991
2022-12-19		707		1103883		364		1035700		6219634		4112321625
2022-12-20		717		1104600		256		1035956		2397668		4114719293
2022-12-21		713		1105313		210		1036166		1124562		4115843855
2022-12-22		719		1106032		205		1036371		1127434		4116971289
2022-12-23		720		1106752		161		1036532		1046521		4118017810
2022-12-24		730		1107482		174		1036706		1087270		4119105080
2022-12-25		722		1108204		158		1036864		994609		4120099689
2022-12-26		719		1108923		190		1037054		1094588		4121194277
2022-12-27		702		1109625		222		1037276		1144314		4122338591
2022-12-28		722		1110347		217		1037493		1154549		4123493140
2022-12-29		714		1111061		160		1037653		650736		4124143876
2022-12-30		711		1111772		204		1037857		1473863		4125617739
2022-12-31		715		1112487		216		1038073		1124668		4126742407
2023-01-01		693		1113180		187		1038260		1070452		4127812859
2023-01-02		711		1113891		175		1038435		1091465		4128904324
2023-01-03		723		1114614		170		1038605		1072879		4129977203
2023-01-04		722		1115336		193		1038798		1090116		4131067319
2023-01-05		693		1116029		187		1038985		1049214		4132116533
2023-01-06		714		1116743		201		1039186		1139826		4133256359
2023-01-07		729		1117472		198		1039384		1103129		4134359488
2023-01-08		720		1118192		185		1039569		1088689		4135448177
2023-01-09		693		1118885		215		1039784		1782588		4137230765
2023-01-10		724		1119609		197		1039981		1116958		4138347723
2023-01-11		695		1120304		174		1040155		1019978		4139367701
2023-01-12		704		1121008		207		1040362		1117471		4140485172
2023-01-13		725		1121733		235		1040597		1182931		4141668103
2023-01-14		732		1122465		215		1040812		1124167		4142792270
2023-01-15		689		1123154		221		1041033		1151419		4143943689
2023-01-16		722		1123876		213		1041246		1115438		4145059127
2023-01-17		705		1124581		193		1041439		1094283		4146153410
2023-01-18		704		1125285		225		1041664		1128333		4147281743
2023-01-19		714		1125999		230		1041894		1184073		4148465816
2023-01-20		731		1126730		176		1042070		1068034		4149533850
2023-01-21		708		1127438		217		1042287		2090670		4151624520
2023-01-22		714		1128152		218		1042505		1210269		4152834789
2023-01-23		733		1128885		183		1042688		1108470		4153943259
2023-01-24		735		1129620		185		1042873		1094245		4155037504
2023-01-25		702		1130322		189		1043062		1061679		4156099183
2023-01-26		711		1131033		231		1043293		2438862		4158538045
2023-01-27		716		1131749		184		1043477		1110708		4159648753
2023-01-28		717		1132466		184		1043661		1068968		4160717721
2023-01-29		715		1133181		197		1043858		1109862		4161827583
2023-01-30		735		1133916		176		1044034		1229627		4163057210
2023-01-31		731		1134647		230		1044264		2436431		4165493641
2023-02-01		717		1135364		274		1044538		5300352		4170793993
2023-02-02		718		1136082		190		1044728		1126823		4171920816
2023-02-03		703		1136785		177		1044905		1041427		4172962243
2023-02-04		733		1137518		179		1045084		1089896		4174052139
2023-02-05		710		1138228		170		1045254		1024685		4175076824
2023-02-06		714		1138942		195		1045449		1123546		4176200370
2023-02-07		727		1139669		213		1045662		1156996		4177357366
2023-02-08		719		1140388		189		1045851		1081773		4178439139
2023-02-09		738		1141126		219		1046070		1184094		4179623233
2023-02-10		708		1141834		209		1046279		1104550		4180727783
2023-02-11		741		1142575		185		1046464		1095783		4181823566
2023-02-12		730		1143305		163		1046627		1039562		4182863128
2023-02-13		719		1144024		174		1046801		1322135		4184185263
2023-02-14		703		1144727		182		1046983		1066939		4185252202
2023-02-15		712		1145439		226		1047209		2515880		4187768082
2023-02-16		721		1146160		165		1047374		1038990		4188807072
2023-02-17		720		1146880		135		1047509		976074		4189783146
2023-02-18		725		1147605		174		1047683		1053681		4190836827
2023-02-19		691		1148296		188		1047871		1014680		4191851507
2023-02-20		702		1148998		212		1048083		1124338		4192975845
2023-02-21		714		1149712		164		1048247		1039667		4194015512
2023-02-22		718		1150430		153		1048400		1005972		4195021484
2023-02-23		721		1151151		142		1048542		989400		4196010884
2023-02-24		723		1151874		171		1048713		1066220		4197077104
2023-02-25		710		1152584		234		1048947		2037072		4199114176
2023-02-26		697		1153281		189		1049136		1143255		4200257431
2023-02-27		715		1153996		241		1049377		3179486		4203436917
2023-02-28		707		1154703		157		1049534		1008339		4204445256
2023-03-01		721		1155424		250		1049784		2255844		4206701100
2023-03-02		741		1156165		176		1049960		1086952		4207788052
2023-03-03		710		1156875		209		1050169		1117275		4208905327
2023-03-04		735		1157610		224		1050393		3078663		4211983990
2023-03-05		728		1158338		222		1050615		1865093		4213849083
2023-03-06		698		1159036		187		1050802		1122851		4214971934
2023-03-07		718		1159754		206		1051008		1611456		4216583390
2023-03-08		722		1160476		181		1051189		1118304		4217701694
2023-03-09		724		1161200		213		1051402		1120330		4218822024
2023-03-10		730		1161930		213		1051615		1143387		4219965411
2023-03-11		731		1162661		179		1051794		1093770		4221059181
2023-03-12		715		1163376		184		1051978		1122998		4222182179
2023-03-13		722		1164098		199		1052177		1753726		4223935905
2023-03-14		716		1164814		202		1052379		1093757		4225029662
2023-03-15		700		1165514		190		1052569		1090141		4226119803
2023-03-16		709		1166223		183		1052752		1091105		4227210908
2023-03-17		712		1166935		206		1052958		1157380		4228368288
2023-03-18		711		1167646		170		1053128		1031275		4229399563
2023-03-19		726		1168372		188		1053316		1091399		4230490962
2023-03-20		711		1169083		177		1053493		1070442		4231561404
2023-03-21		714		1169797		204		1053697		1131902		4232693306
2023-03-22		698		1170495		189		1053886		1042237		4233735543
2023-03-23		717		1171212		199		1054085		1173880		4234909423
2023-03-24		718		1171930		212		1054297		1147222		4236056645
2023-03-25		715		1172645		189		1054486		1076829		4237133474
2023-03-26		723		1173368		231		1054717		2004646		4239138120
2023-03-27		729		1174097		221		1054938		1176161		4240314281
2023-03-28		706		1174803		214		1055152		1115305		4241429586
2023-03-29		724		1175527		211		1055363		1143557		4242573143
2023-03-30		704		1176231		202		1055565		1076812		4243649955
2023-03-31		718		1176949		164		1055729		1131056		4244781011
2023-04-01		721		1177670		195		1055924		1121698		4245902709
2023-04-02		707		1178377		225		1056149		1155518		4247058227
2023-04-03		740		1179117		235		1056384		1233963		4248292190
2023-04-04		717		1179834		221		1056605		1158216		4249450406
2023-04-05		725		1180559		148		1056753		998748		4250449154
2023-04-06		722		1181281		176		1056929		1958979		4252408133
2023-04-07		716		1181997		160		1057089		992577		4253400710
2023-04-08		714		1182711		150		1057239		991626		4254392336
2023-04-09		720		1183431		159		1057398		998989		4255391325
2023-04-10		694		1184125		201		1057599		1084126		4256475451
2023-04-11		714		1184839		166		1057765		1046010		4257521461
2023-04-12		722		1185561		158		1057923		1022679		4258544140
2023-04-13		704		1186265		192		1058115		1057270		4259601410
2023-04-14		714		1186979		176		1058291		1066582		4260667992
2023-04-15		714		1187693		187		1058478		1073743		4261741735
2023-04-16		704		1188397		183		1058661		1064520		4262806255
2023-04-17		709		1189106		190		1058851		1928968		4264735223
2023-04-18		724		1189830		193		1059044		1106548		4265841771
2023-04-19		724		1190554		147		1059191		1012297		4266854068
2023-04-20		705		1191259		174		1059365		1099025		4267953093
2023-04-21		708		1191967		127		1059492		946413		4268899506
2023-04-22		714		1192681		159		1059651		1017845		4269917351
2023-04-23		725		1193406		149		1059800		1003486		4270920837
2023-04-24		712		1194118		188		1059988		1013646		4271934483
2023-04-25		715		1194833		145		1060133		996752		4272931235
2023-04-26		719		1195552		158		1060291		1009871		4273941106
2023-04-27		702		1196254		134		1060425		960509		4274901615
2023-04-28		709		1196963		184		1060609		1914517		4276816132
2023-04-29		695		1197658		130		1060739		937675		4277753807
2023-04-30		725		1198383		146		1060885		968842		4278722649
2023-05-01		690		1199073		143		1061028		937296		4279659945
2023-05-02		716		1199789		117		1061145		683659		4280343604
2023-05-03		705		1200494		159		1061304		1226963		4281570567
2023-05-04		699		1201193		161		1061465		992165		4282562732
2023-05-05		719		1201912		168		1061633		1023381		4283586113
2023-05-06		715		1202627		222		1061855		1105391		4284691504
2023-05-07		724		1203351		176		1062031		1046291		4285737795
2023-05-08		718		1204069		171		1062202		1018022		4286755817
2023-05-09		719		1204788		189		1062391		1070327		4287826144
2023-05-10		707		1205495		152		1062543		982323		4288808467
2023-05-11		712		1206207		142		1062685		971760		4289780227
2023-05-12		711		1206918		179		1062864		1043320		4290823547
2023-05-13		723		1207641		181		1063045		1042293		4291865840
2023-05-14		714		1208355		150		1063195		1520501		4293386341
2023-05-15		722		1209077		180		1063375		1058939		4294445280
2023-05-16		706		1209783		192		1063567		1072066		4295517346
2023-05-17		728		1210511		165		1063732		1024399		4296541745
2023-05-18		707		1211218		165		1063897		988603		4297530348
2023-05-19		715		1211933		217		1064114		1142501		4298672849
2023-05-20		702		1212635		160		1064274		1002834		4299675683
2023-05-21		721		1213356		226		1064500		2100622		4301776305
2023-05-22		706		1214062		128		1064628		952268		4302728573
2023-05-23		724		1214786		151		1064779		1012476		4303741049
2023-05-24		726		1215512		155		1064934		989881		4304730930
2023-05-25		728		1216240		209		1065143		2055808		4306786738
2023-05-26		692		1216932		171		1065314		1038819		4307825557
2023-05-27		737		1217669		171		1065485		1049683		4308875240
2023-05-28		701		1218370		136		1065621		958773		4309834013
2023-05-29		719		1219089		162		1065783		1049665		4310883678
2023-05-30		719		1219808		145		1065928		1003598		4311887276
2023-05-31		717		1220525		143		1066071		961263		4312848539
2023-06-01		710		1221235		149		1066220		988553		4313837092
2023-06-02		728		1221963		130		1066350		970116		4314807208
2023-06-03		683		1222646		132		1066482		885011		4315692219
2023-06-04		722		1223368		154		1066636		1031423		4316723642
2023-06-05		696		1224064		153		1066789		948300		4317671942
2023-06-06		714		1224778		160		1066949		1025372		4318697314
2023-06-07		706		1225484		173		1067122		1009499		4319706813
2023-06-08		722		1226206		212		1067334		1122110		4320828923
2023-06-09		726		1226932		182		1067516		1048568		4321877491
2023-06-10		709		1227641		181		1067697		1072604		4322950095
2023-06-11		731		1228372		154		1067851		1018959		4323969054
2023-06-12		720		1229092		116		1067967		922752		4324891806
2023-06-13		713		1229805		138		1068105		965488		4325857294
2023-06-14		697		1230502		135		1068240		928922		4326786216
2023-06-15		713		1231215		121		1068361		920934		4327707150
2023-06-16		713		1231928		111		1068472		905159		4328612309
2023-06-17		714		1232642		114		1068586		910298		4329522607
2023-06-18		703		1233345		93		1068679		854568		4330377175
2023-06-19		730		1234075		138		1068817		988498		4331365673
2023-06-20		697		1234772		140		1068957		940267		4332305940
2023-06-21		707		1235479		186		1069143		1824744		4334130684
2023-06-22		706		1236185		150		1069293		961878		4335092562
2023-06-23		706		1236891		152		1069445		991112		4336083674
2023-06-24		709		1237600		115		1069560		944626		4337028300
2023-06-25		376		1237976		61		1069621		453599		4337481899
2023-06-26		681		1238657		167		1069788		975289		4338457188
2023-06-27		742		1239399		136		1069924		1375140		4339832328
2023-06-28		712		1240111		162		1070086		1003177		4340835505
2023-06-29		666		1240777		102		1070188		854470		4341689975
2023-06-30		688		1241465		125		1070313		912974		4342602949
2023-07-01		741		1242206		121		1070434		945037		4343547986
2023-07-02		687		1242893		115		1070549		894910		4344442896
2023-07-03		671		1243564		115		1070664		908595		4345351491
2023-07-04		723		1244287		187		1070851		3024217		4348375708
2023-07-05		673		1244960		118		1070969		909507		4349285215
2023-07-06		184		1245144		50		1071019		259985		4349545200
2023-07-07		638		1245782		120		1071139		845974		4350391174
2023-07-08		638		1246420		111		1071250		832268		4351223442
2023-07-09		691		1247111		146		1071396		959671		4352183113
2023-07-10		674		1247785		164		1071560		1004360		4353187473
2023-07-11		671		1248456		134		1071694		900302		4354087775
2023-07-12		689		1249145		158		1071852		1009022		4355096797
2023-07-13		694		1249839		160		1072012		954683		4356051480
2023-07-14		680		1250519		179		1072191		1029246		4357080726
2023-07-15		697		1251216		178		1072369		1027625		4358108351
2023-07-16		625		1251841		113		1072482		821522		4358929873
2023-07-17		639		1252480		112		1072594		878253		4359808126
2023-07-18		700		1253180		147		1072741		972220		4360780346
2023-07-19		679		1253859		123		1072864		898051		4361678397
2023-07-20		684		1254543		156		1073020		975946		4362654343
2023-07-21		620		1255163		170		1073190		958535		4363612878
2023-07-22		598		1255761		170		1073360		940603		4364553481
2023-07-23		657		1256418		144		1073504		920678		4365474159
2023-07-24		667		1257085		175		1073679		989720		4366463879
2023-07-25		715		1257800		228		1073907		1169213		4367633092
2023-07-26		722		1258522		180		1074087		1037181		4368670273
2023-07-27		708		1259230		174		1074261		1059049		4369729322
2023-07-28		722		1259952		173		1074434		1016272		4370745594
2023-07-29		693		1260645		155		1074589		992941		4371738535
2023-07-30		697		1261342		186		1074775		1112352		4372850887
2023-07-31		693		1262035		138		1074913		1110173		4373961060
2023-08-01		687		1262722		219		1075132		2294860		4376255920
2023-08-02		703		1263425		185		1075317		1061047		4377316967
2023-08-03		721		1264146		180		1075497		1048377		4378365344
2023-08-04		727		1264873		171		1075668		1039737		4379405081
2023-08-05		706		1265579		141		1075809		959322		4380364403
2023-08-06		712		1266291		189		1075998		1062864		4381427267
2023-08-07		709		1267000		229		1076227		1637111		4383064378
2023-08-08		691		1267691		154		1076381		956849		4384021227
2023-08-09		720		1268411		214		1076595		1145149		4385166376
2023-08-10		711		1269122		175		1076770		1076294		4386242670
2023-08-11		657		1269779		192		1076962		1022918		4387265588
2023-08-12		686		1270465		151		1077113		941400		4388206988
2023-08-13		611		1271076		132		1077245		845796		4389052784
2023-08-14		666		1271742		158		1077403		952854		4390005638
2023-08-15		688		1272430		180		1077583		1074352		4391079990
2023-08-16		646		1273076		128		1077711		853635		4391933625
2023-08-17		625		1273701		154		1077865		922000		4392855625
2023-08-18		699		1274400		158		1078023		995658		4393851283
2023-08-19		682		1275082		150		1078173		951901		4394803184
2023-08-20		692		1275774		157		1078330		960857		4395764041
2023-08-21		695		1276469		154		1078484		973915		4396737956
2023-08-22		689		1277158		164		1078648		1004637		4397742593
2023-08-23		715		1277873		204		1078852		2177601		4399920194
2023-08-24		673		1278546		145		1078997		963292		4400883486
2023-08-25		644		1279190		151		1079148		919809		4401803295
2023-08-26		662		1279852		140		1079288		1231691		4403034986
2023-08-27		644		1280496		120		1079408		868372		4403903358
2023-08-28		653		1281149		132		1079540		931761		4404835119
2023-08-29		670		1281819		149		1079689		1485581		4406320700
2023-08-30		679		1282498		143		1079832		921770		4407242470
2023-08-31		396		1282894		109		1079941		612799		4407855269
2023-09-01		373		1283267		112		1080053		579503		4408434772
2023-09-02		234		1283501		45		1080098		290983		4408725755
2023-09-03		514		1284015		114		1080212		757383		4409483138
2023-09-04		352		1284367		85		1080297		496948		4409980086
2023-09-05		376		1284743		88		1080385		541111		4410521197
2023-09-06		440		1285183		128		1080513		908130		4411429327
2023-09-07		363		1285546		95		1080608		675999		4412105326
2023-09-08		568		1286114		149		1080757		1225842		4413331168
2023-09-09		336		1286450		86		1080843		466248		4413797416
2023-09-10		329		1286779		87		1080930		475456		4414272872
2023-09-11		368		1287147		106		1081036		584211		4414857083
2023-09-12		563		1287710		151		1081187		843459		4415700542
2023-09-13		393		1288103		136		1081323		627163		4416327705
2023-09-14		656		1288759		208		1081531		1046804		4417374509
2023-09-15		705		1289464		214		1081745		1113759		4418488268
2023-09-16		715		1290179		211		1081956		1095983		4419584251
2023-09-17		717		1290896		175		1082131		1052118		4420636369
2023-09-18		722		1291618		179		1082310		1111260		4421747629
2023-09-19		691		1292309		145		1082455		935121		4422682750
2023-09-20		684		1292993		153		1082608		981451		4423664201
2023-09-21		752		1293745		164		1082772		1050571		4424714772
2023-09-22		569		1294314		93		1082865		719924		4425434696
2023-09-23		639		1294953		160		1083025		940176		4426374872
2023-09-24		680		1295633		136		1083161		927357		4427302229
2023-09-25		672		1296305		159		1083320		993574		4428295803
2023-09-26		712		1297017		191		1083511		1185442		4429481245
2023-09-27		728		1297745		218		1083729		1107031		4430588276
2023-09-28		707		1298452		224		1083953		1132097		4431720373
2023-09-29		714		1299166		218		1084171		1165381		4432885754
2023-09-30		715		1299881		197		1084368		1069630		4433955384
2023-10-01		709		1300590		191		1084559		1081838		4435037222
2023-10-02		723		1301313		247		1084806		1487406		4436524628
2023-10-03		723		1302036		221		1085027		1184875		4437709503
2023-10-04		712		1302748		154		1085181		1010704		4438720207
2023-10-05		724		1303472		199		1085380		1105307		4439825514
2023-10-06		716		1304188		213		1085593		1076208		4440901722
2023-10-07		708		1304896		206		1085799		1138666		4442040388
2023-10-08		723		1305619		204		1086003		1097310		4443137698
2023-10-09		721		1306340		202		1086205		1092435		4444230133
2023-10-10		709		1307049		222		1086427		1144508		4445374641
2023-10-11		720		1307769		227		1086654		1133480		4446508121
2023-10-12		715		1308484		213		1086867		1118923		4447627044
2023-10-13		716		1309200		222		1087089		1129167		4448756211
2023-10-14		725		1309925		242		1087331		1250848		4450007059
2023-10-15		721		1310646		178		1087509		1027119		4451034178
2023-10-16		721		1311367		162		1087671		1046520		4452080698
2023-10-17		710		1312077		178		1087849		1012846		4453093544
2023-10-18		726		1312803		268		1088117		1237868		4454331412
2023-10-19		709		1313512		185		1088302		1098723		4455430135
2023-10-20		706		1314218		212		1088514		1095296		4456525431
2023-10-21		723		1314941		157		1088671		1019208		4457544639
2023-10-22		698		1315639		215		1088886		1099956		4458644595
2023-10-23		721		1316360		218		1089104		1122021		4459766616
2023-10-24		720		1317080		167		1089271		1022049		4460788665
2023-10-25		711		1317791		155		1089426		988124		4461776789
2023-10-26		717		1318508		217		1089643		1116549		4462893338
2023-10-27		707		1319215		226		1089869		2376268		4465269606
2023-10-28		709		1319924		182		1090051		1026412		4466296018
2023-10-29		720		1320644		193		1090244		1086242		4467382260
2023-10-30		707		1321351		206		1090450		1108663		4468490923
2023-10-31		701		1322052		216		1090666		1081574		4469572497
2023-11-01		700		1322752		198		1090864		1070828		4470643325
2023-11-02		719		1323471		207		1091071		1094013		4471737338
2023-11-03		708		1324179		179		1091250		1050930		4472788268
2023-11-04		736		1324915		228		1091478		1152161		4473940429
2023-11-05		724		1325639		268		1091746		1214639		4475155068
2023-11-06		714		1326353		226		1091972		1181355		4476336423
2023-11-07		730		1327083		254		1092226		1224293		4477560716
2023-11-08		704		1327787		198		1092424		1080318		4478641034
2023-11-09		719		1328506		172		1092596		997548		4479638582
2023-11-10		708		1329214		229		1092825		2514720		4482153302
2023-11-11		735		1329949		349		1093174		5316375		4487469677
2023-11-12		697		1330646		168		1093342		1507711		4488977388
2023-11-13		714		1331360		204		1093546		1105487		4490082875
2023-11-14		687		1332047		209		1093755		1087034		4491169909
2023-11-15		718		1332765		216		1093971		1142598		4492312507
2023-11-16		685		1333450		192		1094163		1032017		4493344524
2023-11-17		720		1334170		239		1094402		1153655		4494498179
2023-11-18		728		1334898		210		1094612		1112809		4495610988
2023-11-19		720		1335618		230		1094842		1194549		4496805537
2023-11-20		717		1336335		214		1095056		1104791		4497910328
2023-11-21		719		1337054		267		1095323		1232697		4499143025
2023-11-22		724		1337778		265		1095588		1238099		4500381124
2023-11-23		735		1338513		235		1095823		1161048		4501542172
2023-11-24		723		1339236		237		1096060		1177696		4502719868
2023-11-25		718		1339954		300		1096360		2434674		4505154542
2023-11-26		713		1340667		263		1096623		1198924		4506353466
2023-11-27		628		1341295		137		1096760		871067		4507224533
2023-11-28		708		1342003		219		1096979		1098501		4508323034
2023-11-29		700		1342703		193		1097172		1063001		4509386035
2023-11-30		715		1343418		178		1097350		1046771		4510432806
2023-12-01		718		1344136		169		1097519		1011069		4511443875
2023-12-02		718		1344854		242		1097761		1159814		4512603689
2023-12-03		712		1345566		232		1097993		1131030		4513734719
2023-12-04		706		1346272		196		1098189		1061259		4514795978
2023-12-05		709		1346981		214		1098403		1081105		4515877083
2023-12-06		701		1347682		271		1098674		1215303		4517092386
2023-12-07		693		1348375		303		1098977		1248436		4518340822
2023-12-08		725		1349100		261		1099238		1241220		4519582042
2023-12-09		732		1349832		247		1099485		1155764		4520737806
2023-12-10		703		1350535		246		1099731		1124171		4521861977
2023-12-11		695		1351230		245		1099976		1154706		4523016683
2023-12-12		717		1351947		281		1100257		1255735		4524272418
2023-12-13		705		1352652		239		1100496		1146493		4525418911
2023-12-14		703		1353355		266		1100762		1200278		4526619189
2023-12-15		715		1354070		279		1101041		1237002		4527856191
2023-12-16		713		1354783		254		1101295		1181867		4529038058
2023-12-17		701		1355484		186		1101481		1043192		4530081250
2023-12-18		725		1356209		214		1101695		1125521		4531206771
2023-12-19		700		1356909		203		1101898		1375888		4532582659
2023-12-20		731		1357640		290		1102188		2215331		4534797990
2023-12-21		743		1358383		222		1102410		2498175		4537296165
2023-12-22		695		1359078		177		1102587		1606715		4538902880
2023-12-23		669		1359747		156		1102743		961406		4539864286
2023-12-24		725		1360472		157		1102900		1009224		4540873510
2023-12-25		728		1361200		160		1103060		1008175		4541881685
2023-12-26		715		1361915		131		1103191		965129		4542846814
2023-12-27		672		1362587		230		1103421		1083128		4543929942
2023-12-28		709		1363296		188		1103609		1030400		4544960342
2023-12-29		729		1364025		176		1103785		1031506		4545991848
2023-12-30		726		1364751		149		1103934		934036		4546925884
2023-12-31		691		1365442		217		1104151		1125525		4548051409
2024-01-01		712		1366154		134		1104285		960428		4549011837
2024-01-02		709		1366863		186		1104471		1053045		4550064882
2024-01-03		697		1367560		161		1104632		972511		4551037393
2024-01-04		690		1368250		158		1104790		964914		4552002307
2024-01-05		710		1368960		207		1104997		1111314		4553113621
2024-01-06		717		1369677		160		1105157		1176672		4554290293
2024-01-07		611		1370288		209		1105366		999315		4555289608
2024-01-08		692		1370980		201		1105567		1042992		4556332600
2024-01-09		709		1371689		215		1105782		1093661		4557426261
2024-01-10		706		1372395		176		1105958		1014111		4558440372
2024-01-11		719		1373114		236		1106194		1154930		4559595302
2024-01-12		723		1373837		210		1106404		1087768		4560683070
2024-01-13		715		1374552		217		1106621		1113492		4561796562
2024-01-14		702		1375254		182		1106803		1033557		4562830119
2024-01-15		720		1375974		192		1106995		1018151		4563848270
2024-01-16		701		1376675		243		1107238		1196639		4565044909
2024-01-17		710		1377385		231		1107469		1129866		4566174775
2024-01-18		720		1378105		204		1107673		1105837		4567280612
2024-01-19		701		1378806		208		1107881		1063821		4568344433
2024-01-20		726		1379532		208		1108089		1079697		4569424130
2024-01-21		712		1380244		154		1108243		996363		4570420493
2024-01-22		727		1380971		171		1108414		1023699		4571444192
2024-01-23		704		1381675		184		1108598		1043762		4572487954
2024-01-24		714		1382389		180		1108778		1037815		4573525769
2024-01-25		722		1383111		235		1109013		1172024		4574697793
2024-01-26		685		1383796		178		1109191		972913		4575670706
2024-01-27		723		1384519		198		1109389		1079521		4576750227
2024-01-28		688		1385207		190		1109579		1016221		4577766448
2024-01-29		705		1385912		225		1109804		1121371		4578887819
2024-01-30		690		1386602		227		1110031		1157005		4580044824
2024-01-31		713		1387315		199		1110230		1090377		4581135201
2024-02-01		707		1388022		239		1110469		1146909		4582282110
2024-02-02		692		1388714		194		1110663		1036688		4583318798
2024-02-03		718		1389432		271		1110934		1208126		4584526924
2024-02-04		717		1390149		240		1111174		1179893		4585706817
2024-02-05		709		1390858		218		1111392		1093858		4586800675
2024-02-06		700		1391558		182		1111574		1017107		4587817782
2024-02-07		728		1392286		185		1111759		1045207		4588862989
2024-02-08		696		1392982		167		1111926		989850		4589852839
2024-02-09		712		1393694		186		1112112		1156127		4591008966
2024-02-10		716		1394410		199		1112311		1056802		4592065768
2024-02-11		721		1395131		184		1112495		1051132		4593116900
2024-02-12		709		1395840		166		1112661		1006974		4594123874
2024-02-13		724		1396564		242		1112903		1170986		4595294860
2024-02-14		727		1397291		204		1113107		1066724		4596361584
2024-02-15		729		1398020		169		1113276		1084818		4597446402
2024-02-16		700		1398720		161		1113437		932185		4598378587
2024-02-17		703		1399423		198		1113635		1032218		4599410805
2024-02-18		703		1400126		166		1113801		962533		4600373338
2024-02-19		711		1400837		167		1113968		1127377		4601500715
2024-02-20		714		1401551		193		1114161		1068331		4602569046
2024-02-21		720		1402271		213		1114374		1180128		4603749174
2024-02-22		706		1402977		211		1114585		1101597		4604850771
2024-02-23		726		1403703		178		1114763		1039201		4605889972
2024-02-24		720		1404423		178		1114941		1021681		4606911653
2024-02-25		703		1405126		217		1115158		1106907		4608018560
2024-02-26		736		1405862		186		1115344		1084566		4609103126
2024-02-27		712		1406574		142		1115486		952527		4610055653
2024-02-28		712		1407286		196		1115682		1157587		4611213240
2024-02-29		690		1407976		179		1115861		1012563		4612225803
2024-03-01		726		1408702		179		1116040		1026700		4613252503
2024-03-02		696		1409398		170		1116210		994027		4614246530
2024-03-03		700		1410098		177		1116387		1185609		4615432139
2024-03-04		707		1410805		204		1116591		1081230		4616513369
2024-03-05		702		1411507		172		1116763		1006471		4617519840
2024-03-06		720		1412227		177		1116940		1116226		4618636066
2024-03-07		705		1412932		164		1117104		1004980		4619641046
2024-03-08		713		1413645		173		1117277		995323		4620636369
2024-03-09		706		1414351		120		1117397		911000		4621547369
2024-03-10		706		1415057		161		1117558		999548		4622546917
2024-03-11		705		1415762		183		1117741		1038599		4623585516
2024-03-12		695		1416457		154		1117895		972639		4624558155
2024-03-13		677		1417134		183		1118078		1707867		4626266022
2024-03-14		713		1417847		204		1118282		1171306		4627437328
2024-03-15		707		1418554		133		1118415		967524		4628404852
2024-03-16		714		1419268		138		1118553		943758		4629348610
2024-03-17		720		1419988		132		1118685		969561		4630318171
2024-03-18		717		1420705		161		1118846		1049325		4631367496
2024-03-19		674		1421379		165		1119011		976105		4632343601
2024-03-20		713		1422092		156		1119167		986669		4633330270
2024-03-21		714		1422806		189		1119356		1047805		4634378075
2024-03-22		725		1423531		155		1119511		1082303		4635460378
2024-03-23		706		1424237		140		1119651		937808		4636398186
2024-03-24		707		1424944		185		1119836		1014699		4637412885
2024-03-25		713		1425657		332		1120168		4577375		4641990260
2024-03-26		720		1426377		174		1120342		1008014		4642998274
2024-03-27		709		1427086		190		1120532		1069976		4644068250
2024-03-28		688		1427774		168		1120700		987719		4645055969
2024-03-29		501		1428275		150		1120850		794511		4645850480
2024-03-30		721		1428996		180		1121030		1064891		4646915371
2024-03-31		679		1429675		140		1121170		904162		4647819533
2024-04-01		711		1430386		152		1121322		963102		4648782635
2024-04-02		712		1431098		137		1121459		984432		4649767067
2024-04-03		692		1431790		421		1121880		8081691		4657848758
2024-04-04		711		1432501		203		1122083		1069985		4658918743
2024-04-05		725		1433226		170		1122253		1015895		4659934638
2024-04-06		717		1433943		180		1122433		1025389		4660960027
2024-04-07		701		1434644		148		1122581		981224		4661941251
2024-04-08		717		1435361		171		1122752		1021532		4662962783
2024-04-09		716		1436077		212		1122964		1154831		4664117614
2024-04-10		707		1436784		204		1123168		1079528		4665197142
2024-04-11		705		1437489		178		1123346		1012584		4666209726
2024-04-12		703		1438192		171		1123517		1076535		4667286261
2024-04-13		703		1438895		206		1123723		1066390		4668352651
2024-04-14		711		1439606		188		1123911		1047427		4669400078
2024-04-15		709		1440315		179		1124090		1021707		4670421785
2024-04-16		669		1440984		159		1124249		1022383		4671444168
2024-04-17		719		1441703		164		1124413		985440		4672429608
2024-04-18		682		1442385		166		1124579		981176		4673410784
2024-04-19		724		1443109		170		1124749		993441		4674404225
2024-04-20		706		1443815		143		1124892		972442		4675376667
2024-04-21		698		1444513		190		1125082		1092016		4676468683
2024-04-22		716		1445229		222		1125304		1119368		4677588051
2024-04-23		703		1445932		158		1125462		996649		4678584700
2024-04-24		689		1446621		187		1125649		1038783		4679623483
2024-04-25		703		1447324		157		1125806		968221		4680591704
2024-04-26		733		1448057		192		1125998		1060080		4681651784
2024-04-27		691		1448748		186		1126184		1023898		4682675682
2024-04-28		703		1449451		201		1126385		1053441		4683729123
2024-04-29		711		1450162		186		1126571		1151408		4684880531
2024-04-30		723		1450885		192		1126763		1035934		4685916465
2024-05-01		703		1451588		148		1126911		986823		4686903288
2024-05-02		697		1452285		178		1127089		1002350		4687905638
2024-05-03		690		1452975		146		1127235		940635		4688846273
2024-05-04		716		1453691		157		1127392		1007359		4689853632
2024-05-05		657		1454348		166		1127558		950497		4690804129
2024-05-06		695		1455043		149		1127707		1061620		4691865749
2024-05-07		689		1455732		176		1127883		998148		4692863897
2024-05-08		714		1456446		179		1128062		1020582		4693884479
2024-05-09		718		1457164		161		1128223		983838		4694868317
2024-05-10		725		1457889		160		1128383		1034917		4695903234
2024-05-11		705		1458594		150		1128533		972457		4696875691
2024-05-12		699		1459293		137		1128670		932162		4697807853
2024-05-13		690		1459983		171		1128841		993798		4698801651
2024-05-14		711		1460694		156		1128997		982229		4699783880
2024-05-15		710		1461404		152		1129149		1093503		4700877383
2024-05-16		713		1462117		172		1129321		1022403		4701899786
2024-05-17		729		1462846		139		1129460		977300		4702877086
2024-05-18		695		1463541		137		1129597		933114		4703810200
2024-05-19		718		1464259		127		1129724		933827		4704744027
2024-05-20		696		1464955		150		1129874		942211		4705686238
2024-05-21		709		1465664		144		1130018		993945		4706680183
2024-05-22		723		1466387		128		1130146		942922		4707623105
2024-05-23		712		1467099		142		1130288		994731		4708617836
2024-05-24		700		1467799		151		1130439		947396		4709565232
2024-05-25		700		1468499		121		1130560		908318		4710473550
2024-05-26		713		1469212		135		1130695		984048		4711457598
2024-05-27		717		1469929		115		1130810		902595		4712360193
2024-05-28		688		1470617		145		1130955		923249		4713283442
2024-05-29		696		1471313		120		1131075		933039		4714216481
2024-05-30		701		1472014		127		1131202		911708		4715128189
2024-05-31		707		1472721		101		1131303		923147		4716051336
2024-06-01		725		1473446		140		1131443		948177		4716999513
2024-06-02		719		1474165		139		1131582		960371		4717959884
2024-06-03		705		1474870		165		1131747		992114		4718951998
2024-06-04		724		1475594		109		1131856		908679		4719860677
2024-06-05		702		1476296		117		1131973		998397		4720859074
2024-06-06		719		1477015		104		1132077		885358		4721744432
2024-06-07		730		1477745		120		1132197		947939		4722692371
2024-06-08		719		1478464		119		1132316		930312		4723622683
2024-06-09		714		1479178		118		1132434		928615		4724551298
2024-06-10		718		1479896		113		1132547		907396		4725458694
2024-06-11		733		1480629		109		1132656		982027		4726440721
2024-06-12		714		1481343		130		1132786		943206		4727383927
2024-06-13		693		1482036		119		1132905		897674		4728281601
2024-06-14		711		1482747		104		1133009		892206		4729173807
2024-06-15		702		1483449		120		1133129		908286		4730082093
2024-06-16		717		1484166		118		1133247		910049		4730992142
2024-06-17		715		1484881		111		1133358		926151		4731918293
2024-06-18		705		1485586		115		1133473		886142		4732804435
2024-06-19		711		1486297		109		1133582		911004		4733715439
2024-06-20		719		1487016		117		1133699		900040		4734615479
2024-06-21		706		1487722		98		1133797		851299		4735466778
2024-06-22		704		1488426		119		1133916		938157		4736404935
2024-06-23		710		1489136		130		1134046		951656		4737356591
2024-06-24		713		1489849		156		1134202		1850815		4739207406
2024-06-25		717		1490566		127		1134329		961797		4740169203
2024-06-26		722		1491288		133		1134462		960008		4741129211
2024-06-27		700		1491988		104		1134566		855254		4741984465
2024-06-28		699		1492687		106		1134672		911714		4742896179
2024-06-29		721		1493408		129		1134801		939804		4743835983
2024-06-30		709		1494117		109		1134910		913887		4744749870
2024-07-01		715		1494832		151		1135061		938666		4745688536
2024-07-02		728		1495560		131		1135192		978440		4746666976
2024-07-03		706		1496266		134		1135326		932299		4747599275
2024-07-04		721		1496987		111		1135437		893927		4748493202
2024-07-05		705		1497692		129		1135566		944099		4749437301
2024-07-06		695		1498387		128		1135694		920882		4750358183
2024-07-07		696		1499083		118		1135812		887988		4751246171
2024-07-08		720		1499803		114		1135926		910949		4752157120
2024-07-09		708		1500511		109		1136035		902084		4753059204
2024-07-10		710		1501221		117		1136152		906960		4753966164
2024-07-11		715		1501936		115		1136267		912992		4754879156
2024-07-12		723		1502659		123		1136390		945107		4755824263
2024-07-13		713		1503372		132		1136522		930356		4756754619
2024-07-14		687		1504059		149		1136671		948820		4757703439
2024-07-15		701		1504760		160		1136831		1963384		4759666823
2024-07-16		701		1505461		255		1137086		4993132		4764659955
2024-07-17		713		1506174		182		1137268		1050499		4765710454
2024-07-18		731		1506905		133		1137401		962926		4766673380
2024-07-19		731		1507636		135		1137536		951183		4767624563
2024-07-20		686		1508322		131		1137667		902924		4768527487
2024-07-21		713		1509035		121		1137788		780477		4769307964
2024-07-22		715		1509750		128		1137916		1099034		4770406998
2024-07-23		729		1510479		125		1138041		935682		4771342680
2024-07-24		690		1511169		160		1138201		1214408		4772557088
2024-07-25		720		1511889		151		1138352		975668		4773532756
2024-07-26		707		1512596		158		1138510		997134		4774529890
2024-07-27		722		1513318		158		1138668		1000017		4775529907
2024-07-28		710		1514028		198		1138866		1062950		4776592857
2024-07-29		716		1514744		176		1139042		1011192		4777604049
2024-07-30		712		1515456		201		1139243		1077239		4778681288
2024-07-31		707		1516163		175		1139418		1029358		4779710646
2024-08-01		733		1516896		152		1139570		990307		4780700953
2024-08-02		687		1517583		147		1139717		965790		4781666743
2024-08-03		719		1518302		88		1139805		861347		4782528090
2024-08-04		709		1519011		134		1139939		949969		4783478059
2024-08-05		702		1519713		145		1140084		948555		4784426614
2024-08-06		719		1520432		126		1140210		945269		4785371883
2024-08-07		698		1521130		165		1140375		1005608		4786377491
2024-08-08		733		1521863		221		1140596		1134210		4787511701
2024-08-09		715		1522578		174		1140770		1010569		4788522270
2024-08-10		722		1523300		138		1140908		984313		4789506583
2024-08-11		719		1524019		173		1141081		1003390		4790509973
2024-08-12		712		1524731		173		1141254		1021448		4791531421
2024-08-13		715		1525446		143		1141397		982912		4792514333
2024-08-14		717		1526163		178		1141575		1029271		4793543604
2024-08-15		724		1526887		153		1141728		962689		4794506293
2024-08-16		700		1527587		179		1141907		1028648		4795534941
2024-08-17		735		1528322		184		1142091		1072030		4796606971
2024-08-18		741		1529063		178		1142269		1057302		4797664273
2024-08-19		692		1529755		198		1142467		1060329		4798724602
2024-08-20		703		1530458		236		1142703		1205529		4799930131
2024-08-21		712		1531170		197		1142900		1043190		4800973321
2024-08-22		705		1531875		210		1143110		1108851		4802082172
2024-08-23		695		1532570		200		1143310		1049676		4803131848
2024-08-24		737		1533307		245		1143555		1184508		4804316356
2024-08-25		707		1534014		221		1143776		1105441		4805421797
2024-08-26		700		1534714		203		1143979		1066845		4806488642
2024-08-27		733		1535447		258		1144237		1183105		4807671747
2024-08-28		607		1536054		213		1144450		973937		4808645684
2024-08-29		704		1536758		258		1144708		1192900		4809838584
2024-08-30		700		1537458		201		1144909		1048082		4810886666
2024-08-31		719		1538177		145		1145054		987246		4811873912
2024-09-01		723		1538900		205		1145259		1075650		4812949562
2024-09-02		649		1539549		194		1145453		989022		4813938584
2024-09-03		709		1540258		193		1145646		1050701		4814989285
2024-09-04		710		1540968		238		1145884		1158740		4816148025
2024-09-05		722		1541690		214		1146098		1132043		4817280068
2024-09-06		708		1542398		192		1146290		1058361		4818338429
2024-09-07		713		1543111		226		1146516		1122722		4819461151
2024-09-08		712		1543823		232		1146748		1151558		4820612709
2024-09-09		696		1544519		166		1146914		972055		4821584764
2024-09-10		708		1545227		161		1147075		999692		4822584456
2024-09-11		705		1545932		160		1147235		970998		4823555454
2024-09-12		713		1546645		133		1147368		968023		4824523477
2024-09-13		689		1547334		133		1147501		933199		4825456676
2024-09-14		724		1548058		154		1147655		993173		4826449849
2024-09-15		713		1548771		120		1147775		921697		4827371546
2024-09-16		724		1549495		152		1147927		986057		4828357603
2024-09-17		707		1550202		129		1148056		938813		4829296416
2024-09-18		685		1550887		119		1148175		856393		4830152809
2024-09-19		681		1551568		168		1148343		1029946		4831182755
2024-09-20		707		1552275		211		1148554		1095542		4832278297
2024-09-21		697		1552972		199		1148753		1036564		4833314861
2024-09-22		720		1553692		234		1148987		1156091		4834470952
2024-09-23		702		1554394		198		1149185		1027133		4835498085
2024-09-24		708		1555102		148		1149333		1209819		4836707904
2024-09-25		694		1555796		392		1149725		8514544		4845222448
2024-09-26		675		1556471		182		1149907		991886		4846214334
2024-09-27		716		1557187		158		1150065		1015800		4847230134
2024-09-28		713		1557900		127		1150192		910748		4848140882
2024-09-29		687		1558587		127		1150319		930096		4849070978
2024-09-30		720		1559307		159		1150478		1021404		4850092382
2024-10-01		705		1560012		177		1150655		977535		4851069917
2024-10-02		711		1560723		224		1150879		1135563		4852205480
2024-10-03		701		1561424		187		1151066		1034782		4853240262
2024-10-04		668		1562092		165		1151231		983961		4854224223
2024-10-05		703		1562795		164		1151395		1001287		4855225510
2024-10-06		718		1563513		185		1151580		1047462		4856272972
2024-10-07		701		1564214		160		1151740		1001581		4857274553
2024-10-08		687		1564901		180		1151920		978989		4858253542
2024-10-09		696		1565597		199		1152119		1053646		4859307188
2024-10-10		705		1566302		167		1152286		1000749		4860307937
2024-10-11		699		1567001		198		1152484		1048183		4861356120
2024-10-12		698		1567699		142		1152626		973542		4862329662
2024-10-13		711		1568410		214		1152840		1102869		4863432531
2024-10-14		722		1569132		175		1153015		1005094		4864437625
2024-10-15		704		1569836		163		1153178		981431		4865419056
2024-10-16		722		1570558		149		1153327		980577		4866399633
2024-10-17		711		1571269		190		1153517		1063516		4867463149
2024-10-18		685		1571954		127		1153644		913285		4868376434
2024-10-19		700		1572654		94		1153738		822970		4869199404
2024-10-20		688		1573342		102		1153840		897437		4870096841
2024-10-21		709		1574051		159		1153999		1096967		4871193808
2024-10-22		703		1574754		158		1154157		974997		4872168805
2024-10-23		705		1575459		137		1154294		928823		4873097628
2024-10-24		728		1576187		226		1154520		1114214		4874211842
2024-10-25		705		1576892		240		1154760		1177134		4875388976
2024-10-26		724		1577616		187		1154947		1062597		4876451573
2024-10-27		708		1578324		228		1155175		1105034		4877556607
2024-10-28		720		1579044		196		1155371		1069948		4878626555
2024-10-29		719		1579763		213		1155584		1102175		4879728730
2024-10-30		704		1580467		214		1155798		1101116		4880829846
2024-10-31		710		1581177		231		1156029		1177460		4882007306
2024-11-01		711		1581888		186		1156215		1045704		4883053010
2024-11-02		692		1582580		246		1156461		1127241		4884180251
2024-11-03		725		1583305		224		1156685		1111675		4885291926
2024-11-04		704		1584009		271		1156956		1240320		4886532246
2024-11-05		723		1584732		276		1157232		1213728		4887745974
2024-11-06		694		1585426		215		1157447		1087490		4888833464
2024-11-07		707		1586133		205		1157652		1101728		4889935192
2024-11-08		704		1586837		178		1157830		1025048		4890960240
2024-11-09		716		1587553		241		1158071		1121122		4892081362
2024-11-10		720		1588273		228		1158299		1125046		4893206408
2024-11-11		709		1588982		275		1158574		1263346		4894469754
2024-11-12		722		1589704		231		1158805		1131752		4895601506
2024-11-13		719		1590423		219		1159024		1002658		4896604164
2024-11-14		667		1591090		263		1159287		3955475		4900559639
2024-11-15		580		1591670		174		1159461		1487492		4902047131
2024-11-16		719		1592389		162		1159623		736889		4902784020
2024-11-17		698		1593087		191		1159814		991643		4903775663
2024-11-18		729		1593816		175		1159989		745012		4904520675
2024-11-19		712		1594528		141		1160130		680244		4905200919
2024-11-20		698		1595226		133		1160263		628278		4905829197
2024-11-21		710		1595936		232		1160495		841488		4906670685
2024-11-22		721		1596657		209		1160704		944054		4907614739
2024-11-23		706		1597363		146		1160850		709508		4908324247
2024-11-24		725		1598088		176		1161026		722364		4909046611
2024-11-25		685		1598773		140		1161166		712367		4909758978
2024-11-26		709		1599482		169		1161335		729697		4910488675
2024-11-27		724		1600206		189		1161524		759192		4911247867
2024-11-28		690		1600896		169		1161693		700433		4911948300
2024-11-29		698		1601594		173		1161866		715119		4912663419
2024-11-30		702		1602296		191		1162057		727755		4913391174
2024-12-01		678		1602974		156		1162213		658361		4914049535
2024-12-02		707		1603681		211		1162424		836720		4914886255
2024-12-03		715		1604396		119		1162543		702187		4915588442
2024-12-04		689		1605085		190		1162733		845340		4916433782
2024-12-05		689		1605774		149		1162882		549937		4916983719
2024-12-06		570		1606344		144		1163026		442692		4917426411
2024-12-07		402		1606746		172		1163198		1154573		4918580984
2024-12-08		687		1607433		175		1163373		973798		4919554782
2024-12-09		708		1608141		178		1163551		1007428		4920562210
2024-12-10		700		1608841		117		1163668		873528		4921435738
2024-12-11		690		1609531		128		1163796		883050		4922318788
2024-12-12		689		1610220		126		1163922		885768		4923204556
2024-12-13		697		1610917		142		1164064		923156		4924127712
2024-12-14		699		1611616		187		1164251		1011662		4925139374
2024-12-15		702		1612318		215		1164466		1319247		4926458621
2024-12-16		702		1613020		142		1164608		1154006		4927612627
2024-12-17		646		1613666		140		1164748		884745		4928497372
2024-12-18		694		1614360		107		1164855		862668		4929360040
2024-12-19		700		1615060		112		1164967		859906		4930219946
2024-12-20		661		1615721		130		1165097		887618		4931107564
2024-12-21		700		1616421		120		1165217		908200		4932015764
2024-12-22		685		1617106		171		1165388		965770		4932981534
2024-12-23		698		1617804		141		1165529		983401		4933964935
2024-12-24		671		1618475		140		1165669		898865		4934863800
2024-12-25		675		1619150		154		1165823		935282		4935799082
2024-12-26		672		1619822		166		1165989		959460		4936758542
2024-12-27		687		1620509		150		1166139		919589		4937678131
2024-12-28		717		1621226		147		1166286		961316		4938639447
2024-12-29		675		1621901		108		1166394		864252		4939503699
2024-12-30		709		1622610		167		1166561		1734061		4941237760
2024-12-31		715		1623325		155		1166716		986093		4942223853
2025-01-01		706		1624031		183		1166899		1006725		4943230578
2025-01-02		708		1624739		183		1167082		1096175		4944326753
2025-01-03		714		1625453		216		1167298		1108204		4945434957
2025-01-04		675		1626128		154		1167452		947207		4946382164
2025-01-05		664		1626792		197		1167649		1020636		4947402800
2025-01-06		698		1627490		195		1167844		1084987		4948487787
2025-01-07		708		1628198		125		1167969		884396		4949372183
2025-01-08		721		1628919		116		1168085		917765		4950289948
2025-01-09		688		1629607		165		1168250		974336		4951264284
2025-01-10		641		1630248		153		1168403		1058303		4952322587
2025-01-11		270		1630518		125		1168528		502925		4952825512
2025-01-12		387		1630905		77		1168605		518193		4953343705
2025-01-13		660		1631565		165		1168770		964171		4954307876
2025-01-14		671		1632236		131		1168901		890725		4955198601
2025-01-15		686		1632922		162		1169063		956009		4956154610
2025-01-16		685		1633607		182		1169245		1027393		4957182003
2025-01-17		695		1634302		168		1169413		985322		4958167325
2025-01-18		641		1634943		147		1169560		983391		4959150716
2025-01-19		464		1635407		453		1170013		11205081		4970355797
2025-01-20		716		1636123		363		1170376		1382109		4971737906
2025-01-21		695		1636818		353		1170729		1442673		4973180579
2025-01-22		720		1637538		369		1171098		1381170		4974561749
2025-01-23		449		1637987		165		1171263		779998		4975341747
2025-01-24		567		1638554		121		1171384		782137		4976123884
2025-01-25		352		1638906		115		1171499		582059		4976705943
2025-01-26		362		1639268		228		1171727		4026448		4980732391
2025-01-27		581		1639849		111		1171838		761109		4981493500
2025-01-28		604		1640453		169		1172007		1041463		4982534963
2025-01-29		616		1641069		164		1172171		919042		4983454005
2025-01-30		584		1641653		159		1172330		864902		4984318907
2025-01-31		551		1642204		149		1172479		831048		4985149955
2025-02-01		581		1642785		177		1172656		963194		4986113149
2025-02-02		654		1643439		134		1172790		905332		4987018481
2025-02-03		475		1643914		133		1172923		717309		4987735790
2025-02-04		672		1644586		132		1173055		913864		4988649654
2025-02-05		661		1645247		228		1173283		1077460		4989727114
2025-02-06		654		1645901		173		1173456		981760		4990708874
2025-02-07		658		1646559		173		1173629		991024		4991699898
2025-02-08		681		1647240		220		1173849		982878		4992682776
2025-02-09		677		1647917		136		1173985		461281		4993144057
2025-02-10		646		1648563		106		1174091		365394		4993509451
2025-02-11		666		1649229		159		1174250		476853		4993986304
2025-02-12		681		1649910		87		1174337		321662		4994307966
2025-02-13		657		1650567		112		1174449		393916		4994701882
2025-02-14		646		1651213		65		1174514		257461		4994959343
2025-02-15		594		1651807		74		1174588		277876		4995237219
2025-02-16		584		1652391		87		1174675		298981		4995536200
2025-02-17		664		1653055		86		1174761		326924		4995863124
2025-02-18		670		1653725		137		1174898		453319		4996316443
2025-02-19		702		1654427		219		1175117		1082270		4997398713
2025-02-20		694		1655121		231		1175348		676373		4998075086
2025-02-21		636		1655757		145		1175493		463498		4998538584
2025-02-22		664		1656421		183		1175676		536083		4999074667
2025-02-23		640		1657061		120		1175796		406279		4999480946
2025-02-24		672		1657733		92		1175888		351899		4999832845
2025-02-25		677		1658410		109		1175997		367911		5000200756
2025-02-26		647		1659057		202		1176199		569084		5000769840
2025-02-27		732		1659789		214		1176413		693846		5001463686
2025-02-28		697		1660486		317		1176730		1428325		5002892011
2025-03-01		735		1661221		299		1177029		1269391		5004161402
2025-03-02		710		1661931		303		1177332		1265479		5005426881
2025-03-03		706		1662637		269		1177601		1174757		5006601638
2025-03-04		697		1663334		256		1177857		1446448		5008048086
2025-03-05		733		1664067		293		1178150		1287373		5009335459
2025-03-06		713		1664780		309		1178459		1255340		5010590799
2025-03-07		693		1665473		271		1178730		1170628		5011761427
2025-03-08		719		1666192		280		1179010		1220436		5012981863
2025-03-09		734		1666926		331		1179341		1320871		5014302734
2025-03-10		725		1667651		320		1179661		1292309		5015595043
2025-03-11		712		1668363		242		1179903		1149509		5016744552
2025-03-12		702		1669065		302		1180205		1230320		5017974872
2025-03-13		727		1669792		257		1180462		1181181		5019156053
2025-03-14		724		1670516		291		1180753		1218396		5020374449
2025-03-15		707		1671223		292		1181045		1265466		5021639915
2025-03-16		720		1671943		249		1181294		1170044		5022809959
2025-03-17		728		1672671		230		1181524		1115268		5023925227
2025-03-18		710		1673381		175		1181699		1022799		5024948026
2025-03-19		720		1674101		280		1181979		1237302		5026185328
2025-03-20		718		1674819		209		1182188		1074433		5027259761
2025-03-21		725		1675544		270		1182458		1217891		5028477652
2025-03-22		711		1676255		378		1182836		1380953		5029858605
2025-03-23		704		1676959		420		1183256		1478849		5031337454
2025-03-24		736		1677695		450		1183706		1572278		5032909732
2025-03-25		708		1678403		397		1184103		1435638		5034345370
2025-03-26		736		1679139		464		1184567		1596946		5035942316
2025-03-27		701		1679840		218		1184785		1080942		5037023258
2025-03-28		732		1680572		105		1184890		862952		5037886210
2025-03-29		708		1681280		245		1185135		1974495		5039860705
2025-03-30		720		1682000		189		1185324		1123649		5040984354
2025-03-31		719		1682719		110		1185434		862251		5041846605
2025-04-01		725		1683444		107		1185541		862249		5042708854
2025-04-02		711		1684155		105		1185646		850722		5043559576
2025-04-03		709		1684864		117		1185763		886694		5044446270
2025-04-04		729		1685593		97		1185860		865275		5045311545
2025-04-05		722		1686315		119		1185979		924262		5046235807
2025-04-06		725		1687040		107		1186086		874540		5047110347
2025-04-07		730		1687770		108		1186194		857448		5047967795
2025-04-08		710		1688480		141		1186335		910592		5048878387
2025-04-09		723		1689203		206		1186541		1286570		5050164957
2025-04-10		700		1689903		239		1186780		1097540		5051262497
2025-04-11		726		1690629		215		1186995		1067048		5052329545
2025-04-12		722		1691351		254		1187249		1160915		5053490460
2025-04-13		700		1692051		196		1187445		999451		5054489911
2025-04-14		725		1692776		160		1187605		967596		5055457507
2025-04-15		707		1693483		364		1187969		1303677		5056761184
2025-04-16		734		1694217		400		1188369		3146959		5059908143
2025-04-17		704		1694921		480		1188849		1571304		5061479447
2025-04-18		716		1695637		175		1189024		986496		5062465943
2025-04-19		717		1696354		126		1189150		825234		5063291177
2025-04-20		713		1697067		163		1189313		943879		5064235056
2025-04-21		730		1697797		193		1189506		1113710		5065348766
2025-04-22		728		1698525		157		1189663		1057313		5066406079
2025-04-23		732		1699257		267		1189930		1189036		5067595115
2025-04-24		700		1699957		302		1190232		1239853		5068834968
2025-04-25		729		1700686		358		1190590		1359168		5070194136
2025-04-26		731		1701417		266		1190856		1185407		5071379543
2025-04-27		714		1702131		727		1191583		16990025		5088369568
2025-04-28		705		1702836		349		1191932		1350921		5089720489
2025-04-29		714		1703550		286		1192218		1208444		5090928933
2025-04-30		734		1704284		279		1192497		1250349		5092179282
2025-05-01		697		1704981		284		1192781		1182016		5093361298
2025-05-02		728		1705709		325		1193106		1269368		5094630666
2025-05-03		729		1706438		254		1193360		1194851		5095825517
2025-05-04		721		1707159		239		1193599		1132717		5096958234
2025-05-05		734		1707893		257		1193856		1171777		5098130011
2025-05-06		725		1708618		272		1194128		1180249		5099310260
2025-05-07		726		1709344		297		1194425		1137087		5100447347
2025-05-08		726		1710070		264		1194689		1280558		5101727905
2025-05-09		728		1710798		268		1194957		1204442		5102932347
2025-05-10		726		1711524		220		1195177		1120656		5104053003
2025-05-11		704		1712228		239		1195416		1130416		5105183419
2025-05-12		724		1712952		232		1195648		1141613		5106325032
2025-05-13		713		1713665		262		1195910		1186475		5107511507
2025-05-14		729		1714394		251		1196161		1142500		5108654007
2025-05-15		724		1715118		278		1196439		1225075		5109879082
2025-05-16		729		1715847		229		1196668		1120458		5110999540
2025-05-17		723		1716570		127		1196795		925638		5111925178
2025-05-18		712		1717282		170		1196965		1003405		5112928583
2025-05-19		720		1718002		157		1197122		993303		5113921886
2025-05-20		734		1718736		157		1197279		990465		5114912351
2025-05-21		704		1719440		160		1197439		965348		5115877699
2025-05-22		700		1720140		206		1197645		1229336		5117107035
2025-05-23		716		1720856		238		1197883		1165419		5118272454
2025-05-24		720		1721576		221		1198104		1113926		5119386380
2025-05-25		713		1722289		294		1198398		1285872		5120672252
2025-05-26		702		1722991		270		1198668		1162600		5121834852
2025-05-27		731		1723722		219		1198887		735202		5122570054
2025-05-28		713		1724435		246		1199133		1236813		5123806867
2025-05-29		708		1725143		322		1199455		1322881		5125129748
2025-05-30		723		1725866		270		1199725		1221526		5126351274
2025-05-31		673		1726539		261		1199986		1127565		5127478839
2025-06-01		707		1727246		397		1200383		1480638		5128959477
2025-06-02		712		1727958		239		1200622		1087806		5130047283
2025-06-03		731		1728689		345		1200967		1332800		5131380083
2025-06-04		726		1729415		331		1201298		1298347		5132678430
2025-06-05		710		1730125		184		1201482		1016151		5133694581
2025-06-06		752		1730877		191		1201673		1113527		5134808108
2025-06-07		593		1731470		292		1201965		4606198		5139414306
2025-06-08		10		1731480		1		1201966		4864		5139419170
2025-06-09		263		1731743		80		1202046		1246910		5140666080
2025-06-10		678		1732421		86		1202132		1322197		5141988277
2025-06-11		670		1733091		55		1202187		1036864		5143025141
2025-06-12		648		1733739		147		1202334		3148835		5146173976
2025-06-13		656		1734395		175		1202509		3213796		5149387772
2025-06-14		651		1735046		140		1202649		2041650		5151429422
2025-06-15		590		1735636		208		1202857		4601755		5156031177
2025-06-16		616		1736252		95		1202952		1037241		5157068418
2025-06-17		557		1736809		542		1203494		14514645		5171583063
2025-06-18		562		1737371		307		1203801		5172396		5176755459
2025-06-19		476		1737847		282		1204083		4058005		5180813464
2025-06-20		688		1738535		226		1204309		3728651		5184542115
2025-06-21		487		1739022		146		1204455		1837900		5186380015
2025-06-22		538		1739560		268		1204723		1403440		5187783455
2025-06-23		334		1739894		337		1205060		7427134		5195210589
2025-06-24		615		1740509		122		1205182		1654622		5196865211
2025-06-25		672		1741181		44		1205226		1381626		5198246837
2025-06-26		608		1741789		143		1205369		3516049		5201762886
2025-06-27		391		1742180		83		1205452		1797803		5203560689
2025-06-28		223		1742403		49		1205501		824335		5204385024
2025-06-29		270		1742673		70		1205571		816811		5205201835
2025-06-30		463		1743136		71		1205642		963951		5206165786
2025-07-01		419		1743555		87		1205729		900920		5207066706
2025-07-02		304		1743859		62		1205791		1067649		5208134355
2025-07-03		361		1744220		86		1205877		1298975		5209433330
2025-07-04		541		1744761		53		1205930		915517		5210348847
2025-07-05		437		1745198		75		1206005		1410285		5211759132
2025-07-06		580		1745778		656		1206661		18415401		5230174533
2025-07-07		569		1746347		141		1206802		2978827		5233153360
2025-07-08		471		1746818		141		1206943		1108586		5234261946
2025-07-09		496		1747314		69		1207012		753373		5235015319
2025-07-10		296		1747610		110		1207122		1418083		5236433402
2025-07-11		443		1748053		125		1207247		1162860		5237596262
2025-07-12		545		1748598		198		1207445		4840959		5242437221
2025-07-13		541		1749139		143		1207588		2854621		5245291842
2025-07-14		190		1749329		71		1207659		1104741		5246396583
2025-07-15		678		1750007		96		1207755		1183651		5247580234
2025-07-16		402		1750409		107		1207862		1508236		5249088470
2025-07-17		427		1750836		98		1207960		1678450		5250766920
2025-07-18		561		1751397		75		1208035		1196394		5251963314
2025-07-19		402		1751799		281		1208316		8366643		5260329957
2025-07-20		433		1752232		220		1208536		4775482		5265105439
2025-07-21		394		1752626		118		1208654		1342154		5266447593
2025-07-22		412		1753038		125		1208779		2377148		5268824741
2025-07-23		343		1753381		108		1208887		775834		5269600575
2025-07-24		690		1754071		92		1208979		1307796		5270908371
2025-07-25		514		1754585		75		1209054		1099890		5272008261
2025-07-26		249		1754834		75		1209129		1353857		5273362118
2025-07-27		254		1755088		30		1209159		534957		5273897075
2025-07-28		394		1755482		46		1209205		1076997		5274974072
2025-07-29		232		1755714		34		1209239		541849		5275515921
2025-07-30		19		1755733		53		1209292		1301176		5276817097
2025-07-31		177		1755910		45		1209337		273965		5277091062
2025-08-01		685		1756595		126		1209463		1314813		5278405875
2025-08-02		695		1757290		190		1209653		1193196		5279599071
2025-08-03		739		1758029		88		1209741		1640918		5281239989
2025-08-04		581		1758610		49		1209790		749860		5281989849
2025-08-05		613		1759223		238		1210028		6553310		5288543159
2025-08-06		691		1759914		92		1210120		1328371		5289871530
2025-08-07		698		1760612		788		1210908		24458088		5314329618
2025-08-08		726		1761338		341		1211249		2025428		5316355046
2025-08-09		723		1762061		658		1211907		2059075		5318414121
2025-08-10		689		1762750		575		1212482		2560081		5320974202
2025-08-11		596		1763346		316		1212798		1232176		5322206378
2025-08-12		596		1763942		422		1213220		2134775		5324341153
2025-08-13		678		1764620		277		1213497		6591613		5330932766
2025-08-14		692		1765312		88		1213585		2296648		5333229414
2025-08-15		667		1765979		235		1213820		1390380		5334619794
2025-08-16		634		1766613		285		1214105		2604370		5337224164
2025-08-17		671		1767284		350		1214455		2403468		5339627632
2025-08-18		704		1767988		465		1214920		2091674		5341719306
2025-08-19		643		1768631		291		1215211		1727336		5343446642
2025-08-20		698		1769329		548		1215759		4363726		5347810368
2025-08-21		588		1769917		334		1216093		4658887		5352469255
2025-08-22		721		1770638		630		1216723		2509514		5354978769
2025-08-23		671		1771309		529		1217252		1910217		5356888986
2025-08-24		687		1771996		246		1217498		833337		5357722323
2025-08-25		676		1772672		891		1218389		9385950		5367108273
